time [s],ECG lead I (mV),ECG lead II (mV),ECG lead V (mV),ART (mmHg),PAP (mmHg),CVP (mmHg),Resp. Imp. (mV),CO2 (mV)
0.0,-1.5612682090831191,-1.140728476821192,-0.7894736842105263,28.68988391376451,98.35907335907336,-26.444223107569723,-0.784,-0.258
0.002777777777777778,-1.5089974293059125,-1.0927152317880795,-0.7395182872435325,71.80762852404644,147.7799227799228,-26.444223107569723,-0.004,0.845
0.005555555555555556,-1.5038560411311055,-1.0877483443708609,-0.7350579839429081,74.87562189054727,147.7799227799228,-26.444223107569723,0.051,0.924
0.008333333333333333,-1.515852613538989,-1.099337748344371,-0.7466547725245317,64.42786069651741,147.7799227799228,-26.444223107569723,-0.138,0.657
0.011111111111111112,-1.5115681233933163,-1.0951986754966887,-0.7430865298840321,65.67164179104478,147.7799227799228,-26.444223107569723,-0.114,0.691
0.013888888888888888,-1.5047129391602398,-1.0894039735099337,-0.735950044603033,70.39800995024875,147.7799227799228,-26.444223107569723,-0.028,0.812
0.016666666666666666,-1.5107112253641817,-1.0943708609271523,-0.7421944692239072,68.57379767827528,147.7799227799228,-26.444223107569723,-0.062,0.764
0.019444444444444445,-1.5175664095972579,-1.1001655629139073,-0.7484388938447815,66.41791044776119,147.7799227799228,-26.444223107569723,-0.101,0.709
0.022222222222222223,-1.5141388174807198,-1.0968543046357615,-0.7448706512042819,67.82752902155887,147.7799227799228,-26.444223107569723,-0.074,0.747
0.025,-1.509854327335047,-1.0927152317880795,-0.7395182872435325,68.65671641791045,147.7799227799228,-26.444223107569723,-0.059,0.765
0.027777777777777776,-1.5107112253641817,-1.093543046357616,-0.7404103479036575,67.82752902155887,147.7799227799228,-26.444223107569723,-0.075,0.739
0.030555555555555555,-1.5115681233933163,-1.0943708609271523,-0.7413024085637824,67.66169154228855,147.7799227799228,-26.444223107569723,-0.078,0.734
0.03333333333333333,-1.5115681233933163,-1.0943708609271523,-0.7413024085637824,68.07628524046434,147.7799227799228,-26.444223107569723,-0.07,0.745
0.03611111111111111,-1.5132819194515852,-1.096026490066225,-0.743978590544157,67.99336650082918,147.7799227799228,-26.444223107569723,-0.071,0.743
0.03888888888888889,-1.5149957155098543,-1.0976821192052981,-0.7448706512042819,67.82752902155887,147.7799227799228,-26.444223107569723,-0.074,0.737
0.041666666666666664,-1.5115681233933163,-1.0951986754966887,-0.7421944692239072,67.91044776119402,147.7799227799228,-26.444223107569723,-0.073,0.739
0.044444444444444446,-1.5081405312767782,-1.091887417218543,-0.7386262265834077,67.91044776119402,147.7799227799228,-26.444223107569723,-0.073,0.738
0.04722222222222222,-1.5107112253641817,-1.093543046357616,-0.7404103479036575,67.91044776119402,147.7799227799228,-26.444223107569723,-0.073,0.738
0.05,-1.5132819194515852,-1.096026490066225,-0.7430865298840321,67.91044776119402,147.7799227799228,-26.444223107569723,-0.073,0.739
0.05277777777777778,-1.5124250214224508,-1.096026490066225,-0.7430865298840321,67.91044776119402,147.7799227799228,-26.444223107569723,-0.073,0.739
0.05555555555555555,-1.5115681233933163,-1.096026490066225,-0.7430865298840321,67.91044776119402,147.7799227799228,-26.444223107569723,-0.073,0.74
0.058333333333333334,-1.5115681233933163,-1.0951986754966887,-0.7430865298840321,67.91044776119402,147.7799227799228,-26.444223107569723,-0.073,0.742
0.06111111111111111,-1.509854327335047,-1.093543046357616,-0.7413024085637824,67.91044776119402,147.7799227799228,-26.444223107569723,-0.073,0.743
0.06388888888888888,-1.5089974293059125,-1.0927152317880795,-0.7404103479036575,67.91044776119402,147.7799227799228,-26.444223107569723,-0.074,0.744
0.06666666666666667,-1.5115681233933163,-1.0951986754966887,-0.7421944692239072,67.91044776119402,147.7799227799228,-26.444223107569723,-0.073,0.745
0.06944444444444445,-1.5132819194515852,-1.0968543046357615,-0.743978590544157,67.91044776119402,147.7799227799228,-26.444223107569723,-0.073,0.746
0.07222222222222222,-1.5124250214224508,-1.0951986754966887,-0.7430865298840321,67.91044776119402,147.7799227799228,-26.444223107569723,-0.072,0.747
0.075,-1.509854327335047,-1.093543046357616,-0.7413024085637824,67.99336650082918,147.7799227799228,-26.444223107569723,-0.072,0.748
0.07777777777777778,-1.509854327335047,-1.093543046357616,-0.7404103479036575,67.99336650082918,147.7799227799228,-26.444223107569723,-0.072,0.748
0.08055555555555556,-1.5107112253641817,-1.093543046357616,-0.7413024085637824,67.99336650082918,147.7799227799228,-26.444223107569723,-0.072,0.748
0.08333333333333333,-1.5115681233933163,-1.0943708609271523,-0.7421944692239072,67.82752902155887,147.7799227799228,-26.444223107569723,-0.073,0.747
0.08611111111111111,-1.5132819194515852,-1.096026490066225,-0.7430865298840321,67.74461028192371,147.7799227799228,-26.444223107569723,-0.074,0.746
0.08888888888888889,-1.5132819194515852,-1.096026490066225,-0.743978590544157,67.82752902155887,147.7799227799228,-26.444223107569723,-0.073,0.745
0.09166666666666666,-1.5124250214224508,-1.0943708609271523,-0.7421944692239072,67.91044776119402,147.7799227799228,-26.444223107569723,-0.071,0.744
0.09444444444444444,-1.5107112253641817,-1.0927152317880795,-0.7404103479036575,67.99336650082918,147.7799227799228,-26.444223107569723,-0.071,0.742
0.09722222222222222,-1.5107112253641817,-1.093543046357616,-0.7413024085637824,67.91044776119402,147.7799227799228,-26.444223107569723,-0.071,0.741
0.1,-1.5124250214224508,-1.0951986754966887,-0.7421944692239072,67.91044776119402,147.7799227799228,-26.444223107569723,-0.072,0.739
0.10277777777777777,-1.5124250214224508,-1.0951986754966887,-0.7430865298840321,67.91044776119402,147.7799227799228,-26.444223107569723,-0.072,0.738
0.10555555555555556,-1.5124250214224508,-1.0951986754966887,-0.7430865298840321,67.82752902155887,147.7799227799228,-26.444223107569723,-0.073,0.736
0.10833333333333334,-1.5115681233933163,-1.0951986754966887,-0.7421944692239072,67.82752902155887,147.7799227799228,-26.444223107569723,-0.073,0.736
0.1111111111111111,-1.5115681233933163,-1.0943708609271523,-0.7413024085637824,67.91044776119402,147.7799227799228,-26.444223107569723,-0.072,0.736
0.11388888888888889,-1.5107112253641817,-1.093543046357616,-0.7413024085637824,67.99336650082918,147.7799227799228,-26.444223107569723,-0.071,0.735
0.11666666666666667,-1.5107112253641817,-1.093543046357616,-0.7421944692239072,67.91044776119402,147.7799227799228,-26.444223107569723,-0.071,0.736
0.11944444444444445,-1.5115681233933163,-1.0951986754966887,-0.7421944692239072,67.91044776119402,147.7799227799228,-26.444223107569723,-0.071,0.736
0.12222222222222222,-1.5115681233933163,-1.0951986754966887,-0.7421944692239072,67.91044776119402,147.7799227799228,-26.444223107569723,-0.071,0.737
0.125,-1.5107112253641817,-1.0943708609271523,-0.7421944692239072,67.91044776119402,147.7799227799228,-26.444223107569723,-0.072,0.739
0.12777777777777777,-1.5107112253641817,-1.0943708609271523,-0.7421944692239072,67.91044776119402,147.7799227799228,-26.444223107569723,-0.072,0.74
0.13055555555555556,-1.5107112253641817,-1.0943708609271523,-0.7421944692239072,67.91044776119402,147.7799227799228,-26.444223107569723,-0.071,0.741
0.13333333333333333,-1.5107112253641817,-1.093543046357616,-0.7413024085637824,68.07628524046434,147.7799227799228,-26.444223107569723,-0.069,0.743
0.1361111111111111,-1.5107112253641817,-1.0943708609271523,-0.7413024085637824,68.07628524046434,147.7799227799228,-26.444223107569723,-0.069,0.744
0.1388888888888889,-1.5107112253641817,-1.0943708609271523,-0.7413024085637824,67.99336650082918,147.7799227799228,-26.444223107569723,-0.07,0.744
0.14166666666666666,-1.5107112253641817,-1.0943708609271523,-0.7413024085637824,67.91044776119402,147.7799227799228,-26.444223107569723,-0.071,0.745
0.14444444444444443,-1.5107112253641817,-1.0943708609271523,-0.7413024085637824,67.91044776119402,147.7799227799228,-26.444223107569723,-0.071,0.745
0.14722222222222223,-1.5107112253641817,-1.0943708609271523,-0.7413024085637824,67.99336650082918,147.7799227799228,-26.444223107569723,-0.071,0.744
0.15,-1.5115681233933163,-1.0943708609271523,-0.7421944692239072,67.91044776119402,147.7799227799228,-26.444223107569723,-0.071,0.744
0.1527777777777778,-1.5115681233933163,-1.0943708609271523,-0.7421944692239072,67.82752902155887,147.7799227799228,-26.444223107569723,-0.071,0.743
0.15555555555555556,-1.5124250214224508,-1.0943708609271523,-0.7421944692239072,67.91044776119402,147.7799227799228,-26.444223107569723,-0.07,0.742
0.15833333333333333,-1.5124250214224508,-1.093543046357616,-0.7413024085637824,67.99336650082918,147.7799227799228,-26.444223107569723,-0.069,0.74
0.16111111111111112,-1.5115681233933163,-1.093543046357616,-0.7413024085637824,67.99336650082918,147.7799227799228,-26.444223107569723,-0.068,0.74
0.1638888888888889,-1.5115681233933163,-1.093543046357616,-0.7413024085637824,67.99336650082918,147.7799227799228,-26.444223107569723,-0.069,0.739
0.16666666666666666,-1.5115681233933163,-1.0943708609271523,-0.7421944692239072,67.91044776119402,147.7799227799228,-26.444223107569723,-0.069,0.737
0.16944444444444445,-1.5115681233933163,-1.0943708609271523,-0.7421944692239072,67.91044776119402,147.7799227799228,-26.444223107569723,-0.069,0.736
0.17222222222222222,-1.5115681233933163,-1.0943708609271523,-0.7421944692239072,67.91044776119402,147.7799227799228,-26.444223107569723,-0.069,0.735
0.175,-1.5115681233933163,-1.0943708609271523,-0.7421944692239072,67.91044776119402,147.7799227799228,-26.444223107569723,-0.069,0.735
0.17777777777777778,-1.5115681233933163,-1.0943708609271523,-0.7421944692239072,67.91044776119402,147.7799227799228,-26.444223107569723,-0.068,0.736
0.18055555555555555,-1.5115681233933163,-1.0943708609271523,-0.7421944692239072,67.99336650082918,147.7799227799228,-26.444223107569723,-0.068,0.736
0.18333333333333332,-1.5115681233933163,-1.0943708609271523,-0.7413024085637824,67.99336650082918,147.7799227799228,-26.444223107569723,-0.067,0.736
0.18611111111111112,-1.5107112253641817,-1.0943708609271523,-0.7421944692239072,67.99336650082918,147.7799227799228,-26.444223107569723,-0.067,0.738
0.18888888888888888,-1.5107112253641817,-1.0943708609271523,-0.7421944692239072,67.91044776119402,147.7799227799228,-26.444223107569723,-0.067,0.739
0.19166666666666668,-1.5107112253641817,-1.0943708609271523,-0.7421944692239072,67.91044776119402,147.7799227799228,-26.444223107569723,-0.067,0.74
0.19444444444444445,-1.5107112253641817,-1.0943708609271523,-0.7421944692239072,67.91044776119402,147.7799227799228,-26.444223107569723,-0.067,0.742
0.19722222222222222,-1.5107112253641817,-1.0943708609271523,-0.7421944692239072,67.99336650082918,147.7799227799228,-26.444223107569723,-0.066,0.743
0.2,-1.5107112253641817,-1.0943708609271523,-0.7413024085637824,67.99336650082918,147.7799227799228,-26.444223107569723,-0.065,0.745
0.20277777777777778,-1.509854327335047,-1.093543046357616,-0.7413024085637824,68.07628524046434,147.7799227799228,-26.444223107569723,-0.064,0.746
0.20555555555555555,-1.5107112253641817,-1.0943708609271523,-0.7413024085637824,68.07628524046434,147.7799227799228,-26.444223107569723,-0.064,0.747
0.20833333333333334,-1.5107112253641817,-1.0943708609271523,-0.7413024085637824,67.99336650082918,147.7799227799228,-26.444223107569723,-0.065,0.747
0.2111111111111111,-1.5107112253641817,-1.0943708609271523,-0.7413024085637824,67.91044776119402,147.7799227799228,-26.444223107569723,-0.065,0.747
0.21388888888888888,-1.5115681233933163,-1.0943708609271523,-0.7413024085637824,67.91044776119402,147.7799227799228,-26.444223107569723,-0.065,0.747
0.21666666666666667,-1.5115681233933163,-1.0943708609271523,-0.7421944692239072,67.91044776119402,147.7799227799228,-26.444223107569723,-0.065,0.747
0.21944444444444444,-1.5124250214224508,-1.0943708609271523,-0.7421944692239072,67.91044776119402,147.7799227799228,-26.444223107569723,-0.064,0.746
0.2222222222222222,-1.5115681233933163,-1.0943708609271523,-0.7421944692239072,67.99336650082918,147.7799227799228,-26.444223107569723,-0.062,0.745
0.225,-1.5115681233933163,-1.0943708609271523,-0.7413024085637824,68.07628524046434,147.7799227799228,-26.444223107569723,-0.062,0.744
0.22777777777777777,-1.5115681233933163,-1.0943708609271523,-0.7413024085637824,67.99336650082918,147.7799227799228,-26.444223107569723,-0.062,0.743
0.23055555555555557,-1.5115681233933163,-1.0943708609271523,-0.7413024085637824,67.91044776119402,147.7799227799228,-26.444223107569723,-0.062,0.742
0.23333333333333334,-1.5115681233933163,-1.0943708609271523,-0.7413024085637824,67.91044776119402,147.7799227799228,-26.444223107569723,-0.062,0.741
0.2361111111111111,-1.5115681233933163,-1.0943708609271523,-0.7413024085637824,67.99336650082918,147.7799227799228,-26.444223107569723,-0.062,0.741
0.2388888888888889,-1.5115681233933163,-1.0943708609271523,-0.7421944692239072,67.99336650082918,147.7799227799228,-26.444223107569723,-0.061,0.74
0.24166666666666667,-1.5115681233933163,-1.0943708609271523,-0.7421944692239072,67.99336650082918,147.7799227799228,-26.444223107569723,-0.061,0.739
0.24444444444444444,-1.5115681233933163,-1.093543046357616,-0.7413024085637824,68.07628524046434,147.7799227799228,-26.444223107569723,-0.06,0.74
0.24722222222222223,-1.5107112253641817,-1.093543046357616,-0.7413024085637824,68.07628524046434,147.7799227799228,-26.444223107569723,-0.06,0.741
0.25,-1.5107112253641817,-1.093543046357616,-0.7413024085637824,67.99336650082918,147.7799227799228,-26.444223107569723,-0.06,0.742
0.25277777777777777,-1.5107112253641817,-1.0943708609271523,-0.7413024085637824,67.99336650082918,147.7799227799228,-26.444223107569723,-0.059,0.743
0.25555555555555554,-1.5107112253641817,-1.0943708609271523,-0.7413024085637824,67.99336650082918,147.7799227799228,-26.444223107569723,-0.059,0.744
0.25833333333333336,-1.5107112253641817,-1.0943708609271523,-0.7421944692239072,67.91044776119402,147.7799227799228,-26.444223107569723,-0.06,0.745
0.2611111111111111,-1.5107112253641817,-1.0943708609271523,-0.7421944692239072,67.99336650082918,147.7799227799228,-26.444223107569723,-0.059,0.746
0.2638888888888889,-1.5107112253641817,-1.093543046357616,-0.7413024085637824,68.07628524046434,147.7799227799228,-26.444223107569723,-0.057,0.748
0.26666666666666666,-1.509854327335047,-1.0927152317880795,-0.7404103479036575,68.24212271973465,147.7799227799228,-26.444223107569723,-0.056,0.75
0.26944444444444443,-1.509854327335047,-1.093543046357616,-0.7413024085637824,68.1592039800995,147.7799227799228,-26.444223107569723,-0.058,0.751
0.2722222222222222,-1.509854327335047,-1.0943708609271523,-0.7413024085637824,67.99336650082918,147.7799227799228,-26.444223107569723,-0.059,0.751
0.275,-1.5107112253641817,-1.0943708609271523,-0.7413024085637824,67.99336650082918,147.7799227799228,-26.444223107569723,-0.059,0.752
0.2777777777777778,-1.5107112253641817,-1.0943708609271523,-0.7404103479036575,68.07628524046434,147.7799227799228,-26.444223107569723,-0.058,0.752
0.28055555555555556,-1.5107112253641817,-1.0943708609271523,-0.7413024085637824,67.99336650082918,147.7799227799228,-26.444223107569723,-0.059,0.752
0.2833333333333333,-1.5107112253641817,-1.0943708609271523,-0.7413024085637824,67.99336650082918,147.7799227799228,-26.444223107569723,-0.06,0.751
0.2861111111111111,-1.5115681233933163,-1.0943708609271523,-0.7413024085637824,67.99336650082918,147.7799227799228,-26.444223107569723,-0.059,0.75
0.28888888888888886,-1.5115681233933163,-1.0943708609271523,-0.7413024085637824,67.99336650082918,147.7799227799228,-26.444223107569723,-0.058,0.749
0.2916666666666667,-1.5115681233933163,-1.0943708609271523,-0.7413024085637824,68.07628524046434,147.7799227799228,-26.444223107569723,-0.059,0.748
0.29444444444444445,-1.5107112253641817,-1.0943708609271523,-0.7413024085637824,68.07628524046434,147.7799227799228,-26.444223107569723,-0.059,0.747
0.2972222222222222,-1.5115681233933163,-1.0943708609271523,-0.7413024085637824,68.07628524046434,147.7799227799228,-26.444223107569723,-0.059,0.746
0.3,-1.5115681233933163,-1.093543046357616,-0.7413024085637824,68.07628524046434,147.7799227799228,-26.444223107569723,-0.059,0.745
0.30277777777777776,-1.5115681233933163,-1.093543046357616,-0.7413024085637824,68.07628524046434,147.7799227799228,-26.444223107569723,-0.059,0.745
0.3055555555555556,-1.5115681233933163,-1.093543046357616,-0.7413024085637824,67.99336650082918,147.7799227799228,-26.444223107569723,-0.059,0.744
0.30833333333333335,-1.5107112253641817,-1.093543046357616,-0.7413024085637824,67.99336650082918,147.7799227799228,-26.444223107569723,-0.059,0.744
0.3111111111111111,-1.5107112253641817,-1.093543046357616,-0.7413024085637824,68.07628524046434,147.7799227799228,-26.444223107569723,-0.058,0.743
0.3138888888888889,-1.5107112253641817,-1.093543046357616,-0.7413024085637824,68.07628524046434,147.7799227799228,-26.444223107569723,-0.058,0.744
0.31666666666666665,-1.5107112253641817,-1.093543046357616,-0.7404103479036575,68.07628524046434,147.7799227799228,-26.444223107569723,-0.059,0.745
0.3194444444444444,-1.5107112253641817,-1.0943708609271523,-0.7404103479036575,68.07628524046434,147.7799227799228,-26.444223107569723,-0.059,0.746
0.32222222222222224,-1.509854327335047,-1.093543046357616,-0.7413024085637824,68.07628524046434,147.7799227799228,-26.444223107569723,-0.059,0.747
0.325,-1.509854327335047,-1.093543046357616,-0.7413024085637824,68.07628524046434,147.7799227799228,-26.444223107569723,-0.059,0.748
0.3277777777777778,-1.509854327335047,-1.093543046357616,-0.7413024085637824,68.07628524046434,147.7799227799228,-26.444223107569723,-0.059,0.75
0.33055555555555555,-1.5107112253641817,-1.0943708609271523,-0.7413024085637824,67.99336650082918,147.7799227799228,-26.444223107569723,-0.06,0.751
0.3333333333333333,-1.5107112253641817,-1.0943708609271523,-0.7413024085637824,67.99336650082918,147.7799227799228,-26.444223107569723,-0.06,0.752
0.33611111111111114,-1.509854327335047,-1.093543046357616,-0.7413024085637824,68.07628524046434,147.7799227799228,-26.444223107569723,-0.059,0.753
0.3388888888888889,-1.5107112253641817,-1.093543046357616,-0.7413024085637824,68.07628524046434,147.7799227799228,-26.444223107569723,-0.059,0.754
0.3416666666666667,-1.5107112253641817,-1.093543046357616,-0.7413024085637824,68.07628524046434,147.7799227799228,-26.444223107569723,-0.059,0.754
0.34444444444444444,-1.5107112253641817,-1.0943708609271523,-0.7413024085637824,68.07628524046434,147.7799227799228,-26.444223107569723,-0.06,0.754
0.3472222222222222,-1.5107112253641817,-1.093543046357616,-0.7413024085637824,68.07628524046434,147.7799227799228,-26.444223107569723,-0.059,0.754
0.35,-1.5107112253641817,-1.093543046357616,-0.7413024085637824,68.07628524046434,147.7799227799228,-26.444223107569723,-0.058,0.753
0.3527777777777778,-1.5107112253641817,-1.093543046357616,-0.7413024085637824,68.07628524046434,147.7799227799228,-26.444223107569723,-0.058,0.753
0.35555555555555557,-1.5107112253641817,-1.093543046357616,-0.7413024085637824,68.07628524046434,147.7799227799228,-26.444223107569723,-0.059,0.752
0.35833333333333334,-1.5107112253641817,-1.093543046357616,-0.7413024085637824,68.07628524046434,147.7799227799228,-26.444223107569723,-0.059,0.751
0.3611111111111111,-1.5107112253641817,-1.093543046357616,-0.7413024085637824,68.07628524046434,147.7799227799228,-26.444223107569723,-0.059,0.749
0.3638888888888889,-1.5115681233933163,-1.093543046357616,-0.7413024085637824,68.07628524046434,147.7799227799228,-26.444223107569723,-0.059,0.748
0.36666666666666664,-1.5115681233933163,-1.0943708609271523,-0.7413024085637824,67.99336650082918,147.7799227799228,-26.444223107569723,-0.059,0.747
0.36944444444444446,-1.5107112253641817,-1.0943708609271523,-0.7421944692239072,67.99336650082918,147.7799227799228,-26.444223107569723,-0.059,0.746
0.37222222222222223,-1.5115681233933163,-1.0943708609271523,-0.7421944692239072,67.99336650082918,147.7799227799228,-26.444223107569723,-0.059,0.745
0.375,-1.5115681233933163,-1.0943708609271523,-0.7413024085637824,68.07628524046434,147.7799227799228,-26.444223107569723,-0.058,0.744
0.37777777777777777,-1.5115681233933163,-1.0943708609271523,-0.7413024085637824,68.07628524046434,147.7799227799228,-26.444223107569723,-0.058,0.744
0.38055555555555554,-1.5107112253641817,-1.093543046357616,-0.7413024085637824,68.07628524046434,147.7799227799228,-26.444223107569723,-0.058,0.744
0.38333333333333336,-1.5107112253641817,-1.093543046357616,-0.7413024085637824,68.07628524046434,147.7799227799228,-26.444223107569723,-0.057,0.745
0.3861111111111111,-1.5107112253641817,-1.0943708609271523,-0.7413024085637824,68.07628524046434,147.7799227799228,-26.444223107569723,-0.058,0.747
0.3888888888888889,-1.5107112253641817,-1.0943708609271523,-0.7413024085637824,68.07628524046434,147.7799227799228,-26.444223107569723,-0.058,0.748
0.39166666666666666,-1.5107112253641817,-1.0943708609271523,-0.7413024085637824,67.99336650082918,147.7799227799228,-26.444223107569723,-0.058,0.748
0.39444444444444443,-1.5107112253641817,-1.0943708609271523,-0.7421944692239072,67.99336650082918,147.7799227799228,-26.444223107569723,-0.058,0.75
0.3972222222222222,-1.509854327335047,-1.0943708609271523,-0.7421944692239072,68.07628524046434,147.7799227799228,-26.444223107569723,-0.057,0.751
0.4,-1.509854327335047,-1.0943708609271523,-0.7413024085637824,68.07628524046434,147.7799227799228,-26.444223107569723,-0.057,0.752
0.4027777777777778,-1.509854327335047,-1.0943708609271523,-0.7413024085637824,68.07628524046434,147.7799227799228,-26.444223107569723,-0.057,0.752
0.40555555555555556,-1.5107112253641817,-1.0943708609271523,-0.7413024085637824,67.99336650082918,147.7799227799228,-26.444223107569723,-0.058,0.753
0.4083333333333333,-1.5107112253641817,-1.0943708609271523,-0.7413024085637824,67.99336650082918,147.7799227799228,-26.444223107569723,-0.058,0.753
0.4111111111111111,-1.5107112253641817,-1.0943708609271523,-0.7413024085637824,68.07628524046434,147.7799227799228,-26.444223107569723,-0.057,0.753
0.41388888888888886,-1.5107112253641817,-1.0943708609271523,-0.7413024085637824,67.99336650082918,147.7799227799228,-26.444223107569723,-0.058,0.752
0.4166666666666667,-1.5115681233933163,-1.0943708609271523,-0.7421944692239072,67.99336650082918,147.7799227799228,-26.444223107569723,-0.058,0.751
0.41944444444444445,-1.5115681233933163,-1.0943708609271523,-0.7421944692239072,67.99336650082918,147.7799227799228,-26.444223107569723,-0.058,0.75
0.4222222222222222,-1.5115681233933163,-1.0943708609271523,-0.7421944692239072,68.07628524046434,147.7799227799228,-26.444223107569723,-0.057,0.749
0.425,-1.5115681233933163,-1.0943708609271523,-0.7413024085637824,68.07628524046434,147.7799227799228,-26.444223107569723,-0.056,0.748
0.42777777777777776,-1.5115681233933163,-1.0943708609271523,-0.7413024085637824,67.99336650082918,147.7799227799228,-26.444223107569723,-0.057,0.747
0.4305555555555556,-1.5115681233933163,-1.0943708609271523,-0.7413024085637824,67.99336650082918,147.7799227799228,-26.444223107569723,-0.057,0.745
0.43333333333333335,-1.5115681233933163,-1.0943708609271523,-0.7421944692239072,67.99336650082918,147.7799227799228,-26.444223107569723,-0.057,0.744
0.4361111111111111,-1.5115681233933163,-1.0943708609271523,-0.7421944692239072,67.99336650082918,147.7799227799228,-26.444223107569723,-0.058,0.743
0.4388888888888889,-1.5115681233933163,-1.0951986754966887,-0.7421944692239072,67.99336650082918,147.7799227799228,-26.444223107569723,-0.057,0.743
0.44166666666666665,-1.5115681233933163,-1.0943708609271523,-0.7413024085637824,68.07628524046434,147.7799227799228,-26.444223107569723,-0.056,0.742
0.4444444444444444,-1.5107112253641817,-1.0943708609271523,-0.7413024085637824,68.07628524046434,147.7799227799228,-26.444223107569723,-0.056,0.742
0.44722222222222224,-1.5107112253641817,-1.0943708609271523,-0.7413024085637824,67.99336650082918,147.7799227799228,-26.444223107569723,-0.057,0.742
0.45,-1.5107112253641817,-1.0943708609271523,-0.7413024085637824,67.99336650082918,147.7799227799228,-26.444223107569723,-0.057,0.743
0.4527777777777778,-1.5107112253641817,-1.0943708609271523,-0.7413024085637824,67.99336650082918,147.7799227799228,-26.444223107569723,-0.057,0.744
0.45555555555555555,-1.5107112253641817,-1.0943708609271523,-0.7421944692239072,67.91044776119402,147.7799227799228,-26.444223107569723,-0.057,0.745
0.4583333333333333,-1.5107112253641817,-1.0943708609271523,-0.7421944692239072,67.91044776119402,147.7799227799228,-26.444223107569723,-0.057,0.746
0.46111111111111114,-1.5107112253641817,-1.0943708609271523,-0.7413024085637824,67.99336650082918,147.7799227799228,-26.444223107569723,-0.056,0.747
0.4638888888888889,-1.509854327335047,-1.093543046357616,-0.7413024085637824,67.99336650082918,147.7799227799228,-26.444223107569723,-0.055,0.749
0.4666666666666667,-1.5107112253641817,-1.0943708609271523,-0.7413024085637824,67.99336650082918,147.7799227799228,-26.444223107569723,-0.056,0.75
0.46944444444444444,-1.5107112253641817,-1.0943708609271523,-0.7421944692239072,67.91044776119402,147.7799227799228,-26.444223107569723,-0.056,0.751
0.4722222222222222,-1.5107112253641817,-1.0943708609271523,-0.7421944692239072,67.91044776119402,147.7799227799228,-26.444223107569723,-0.056,0.751
0.475,-1.5107112253641817,-1.0943708609271523,-0.7413024085637824,67.99336650082918,147.7799227799228,-26.444223107569723,-0.056,0.751
0.4777777777777778,-1.5107112253641817,-1.0943708609271523,-0.7421944692239072,67.99336650082918,147.7799227799228,-26.444223107569723,-0.056,0.751
0.48055555555555557,-1.5107112253641817,-1.0943708609271523,-0.7413024085637824,67.99336650082918,147.7799227799228,-26.444223107569723,-0.056,0.751
0.48333333333333334,-1.5107112253641817,-1.0943708609271523,-0.7413024085637824,67.99336650082918,147.7799227799228,-26.444223107569723,-0.055,0.75
0.4861111111111111,-1.5107112253641817,-1.0943708609271523,-0.7413024085637824,67.99336650082918,147.7799227799228,-26.444223107569723,-0.055,0.748
0.4888888888888889,-1.5115681233933163,-1.0943708609271523,-0.7421944692239072,67.91044776119402,147.7799227799228,-26.444223107569723,-0.056,0.747
0.49166666666666664,-1.5115681233933163,-1.0943708609271523,-0.7421944692239072,67.82752902155887,147.7799227799228,-26.444223107569723,-0.057,0.746
0.49444444444444446,-1.5115681233933163,-1.0943708609271523,-0.7421944692239072,67.91044776119402,147.7799227799228,-26.444223107569723,-0.056,0.744
0.49722222222222223,-1.5115681233933163,-1.0943708609271523,-0.7421944692239072,67.91044776119402,147.7799227799228,-26.444223107569723,-0.056,0.743
0.5,-1.5115681233933163,-1.0943708609271523,-0.7421944692239072,67.91044776119402,147.7799227799228,-26.444223107569723,-0.056,0.741
0.5027777777777778,-1.5115681233933163,-1.0951986754966887,-0.7421944692239072,67.91044776119402,147.7799227799228,-26.444223107569723,-0.056,0.74
0.5055555555555555,-1.5115681233933163,-1.0943708609271523,-0.7421944692239072,67.91044776119402,147.7799227799228,-26.444223107569723,-0.055,0.74
0.5083333333333333,-1.5115681233933163,-1.0943708609271523,-0.7421944692239072,67.91044776119402,147.7799227799228,-26.444223107569723,-0.056,0.739
0.5111111111111111,-1.5115681233933163,-1.0943708609271523,-0.7421944692239072,67.91044776119402,147.7799227799228,-26.444223107569723,-0.056,0.739
0.5138888888888888,-1.5115681233933163,-1.0943708609271523,-0.7421944692239072,67.91044776119402,147.7799227799228,-26.444223107569723,-0.056,0.74
0.5166666666666667,-1.5107112253641817,-1.0943708609271523,-0.7413024085637824,67.91044776119402,147.7799227799228,-26.444223107569723,-0.055,0.74
0.5194444444444445,-1.5107112253641817,-1.0943708609271523,-0.7413024085637824,67.99336650082918,147.7799227799228,-26.444223107569723,-0.054,0.741
0.5222222222222223,-1.5107112253641817,-1.0943708609271523,-0.7421944692239072,67.91044776119402,147.7799227799228,-26.444223107569723,-0.054,0.742
0.525,-1.5107112253641817,-1.0943708609271523,-0.7421944692239072,67.91044776119402,147.7799227799228,-26.444223107569723,-0.055,0.743
0.5277777777777778,-1.5107112253641817,-1.0951986754966887,-0.7421944692239072,67.91044776119402,147.7799227799228,-26.444223107569723,-0.055,0.744
0.5305555555555556,-1.5107112253641817,-1.0943708609271523,-0.7421944692239072,67.91044776119402,147.7799227799228,-26.444223107569723,-0.055,0.745
0.5333333333333333,-1.5107112253641817,-1.0943708609271523,-0.7421944692239072,67.91044776119402,147.7799227799228,-26.444223107569723,-0.055,0.746
0.5361111111111111,-1.5107112253641817,-1.0943708609271523,-0.7413024085637824,67.99336650082918,147.7799227799228,-26.444223107569723,-0.054,0.747
0.5388888888888889,-1.5107112253641817,-1.0943708609271523,-0.7413024085637824,67.99336650082918,147.7799227799228,-26.444223107569723,-0.053,0.748
0.5416666666666666,-1.5107112253641817,-1.0943708609271523,-0.7413024085637824,67.99336650082918,147.7799227799228,-26.444223107569723,-0.053,0.748
0.5444444444444444,-1.5107112253641817,-1.0943708609271523,-0.7413024085637824,67.91044776119402,147.7799227799228,-26.444223107569723,-0.055,0.748
0.5472222222222223,-1.5115681233933163,-1.0951986754966887,-0.7421944692239072,67.82752902155887,147.7799227799228,-26.444223107569723,-0.056,0.747
0.55,-1.5115681233933163,-1.0951986754966887,-0.7421944692239072,67.82752902155887,147.7799227799228,-26.444223107569723,-0.055,0.746
0.5527777777777778,-1.5124250214224508,-1.0951986754966887,-0.7421944692239072,67.91044776119402,147.7799227799228,-26.444223107569723,-0.053,0.745
0.5555555555555556,-1.5124250214224508,-1.0943708609271523,-0.7421944692239072,67.99336650082918,147.7799227799228,-26.444223107569723,-0.053,0.744
0.5583333333333333,-1.5124250214224508,-1.0943708609271523,-0.7413024085637824,67.99336650082918,147.7799227799228,-26.444223107569723,-0.053,0.743
0.5611111111111111,-1.5115681233933163,-1.0943708609271523,-0.7413024085637824,67.99336650082918,147.7799227799228,-26.444223107569723,-0.053,0.742
0.5638888888888889,-1.5115681233933163,-1.0943708609271523,-0.7421944692239072,67.99336650082918,147.7799227799228,-26.444223107569723,-0.053,0.74
0.5666666666666667,-1.5124250214224508,-1.0943708609271523,-0.7421944692239072,67.91044776119402,147.7799227799228,-26.444223107569723,-0.053,0.739
0.5694444444444444,-1.5124250214224508,-1.0951986754966887,-0.7421944692239072,67.91044776119402,147.7799227799228,-26.444223107569723,-0.053,0.738
0.5722222222222222,-1.5115681233933163,-1.0951986754966887,-0.7421944692239072,67.91044776119402,147.7799227799228,-26.444223107569723,-0.052,0.738
0.575,-1.5115681233933163,-1.0943708609271523,-0.7421944692239072,67.91044776119402,147.7799227799228,-26.444223107569723,-0.052,0.738
0.5777777777777777,-1.5115681233933163,-1.0943708609271523,-0.7413024085637824,67.99336650082918,147.7799227799228,-26.444223107569723,-0.051,0.738
0.5805555555555556,-1.5107112253641817,-1.0943708609271523,-0.7413024085637824,67.99336650082918,147.7799227799228,-26.444223107569723,-0.051,0.739
0.5833333333333334,-1.5107112253641817,-1.0943708609271523,-0.7421944692239072,67.99336650082918,147.7799227799228,-26.444223107569723,-0.05,0.74
0.5861111111111111,-1.5107112253641817,-1.0943708609271523,-0.7421944692239072,67.91044776119402,147.7799227799228,-26.444223107569723,-0.05,0.741
0.5888888888888889,-1.5107112253641817,-1.0951986754966887,-0.7421944692239072,67.91044776119402,147.7799227799228,-26.444223107569723,-0.051,0.742
0.5916666666666667,-1.5107112253641817,-1.0951986754966887,-0.7421944692239072,67.82752902155887,147.7799227799228,-26.444223107569723,-0.051,0.743
0.5944444444444444,-1.5107112253641817,-1.0943708609271523,-0.7421944692239072,67.82752902155887,147.7799227799228,-26.444223107569723,-0.05,0.744
0.5972222222222222,-1.5107112253641817,-1.0943708609271523,-0.7421944692239072,67.91044776119402,147.7799227799228,-26.444223107569723,-0.048,0.745
0.6,-1.5107112253641817,-1.0943708609271523,-0.7413024085637824,67.99336650082918,147.7799227799228,-26.444223107569723,-0.047,0.745
0.6027777777777777,-1.5107112253641817,-1.0943708609271523,-0.7413024085637824,67.99336650082918,147.7799227799228,-26.444223107569723,-0.048,0.746
0.6055555555555555,-1.5107112253641817,-1.0943708609271523,-0.7421944692239072,67.99336650082918,147.7799227799228,-26.444223107569723,-0.048,0.747
0.6083333333333333,-1.5107112253641817,-1.0951986754966887,-0.7421944692239072,67.91044776119402,147.7799227799228,-26.444223107569723,-0.048,0.747
0.6111111111111112,-1.5115681233933163,-1.0951986754966887,-0.7421944692239072,67.91044776119402,147.7799227799228,-26.444223107569723,-0.048,0.747
0.6138888888888889,-1.5115681233933163,-1.0951986754966887,-0.7421944692239072,67.91044776119402,147.7799227799228,-26.444223107569723,-0.048,0.746
0.6166666666666667,-1.5115681233933163,-1.0943708609271523,-0.7421944692239072,67.91044776119402,147.7799227799228,-26.444223107569723,-0.046,0.745
0.6194444444444445,-1.5115681233933163,-1.0943708609271523,-0.7421944692239072,67.99336650082918,147.7799227799228,-26.444223107569723,-0.045,0.744
0.6222222222222222,-1.5115681233933163,-1.0943708609271523,-0.7413024085637824,67.99336650082918,147.7799227799228,-26.444223107569723,-0.045,0.742
0.625,-1.5115681233933163,-1.0943708609271523,-0.7413024085637824,67.99336650082918,147.7799227799228,-26.444223107569723,-0.046,0.741
0.6277777777777778,-1.5115681233933163,-1.0943708609271523,-0.7421944692239072,67.91044776119402,147.7799227799228,-26.444223107569723,-0.046,0.74
0.6305555555555555,-1.5115681233933163,-1.0951986754966887,-0.7421944692239072,67.82752902155887,147.7799227799228,-26.444223107569723,-0.047,0.738
0.6333333333333333,-1.5124250214224508,-1.0951986754966887,-0.7421944692239072,67.82752902155887,147.7799227799228,-26.444223107569723,-0.047,0.737
0.6361111111111111,-1.5124250214224508,-1.0951986754966887,-0.7421944692239072,67.91044776119402,147.7799227799228,-26.444223107569723,-0.045,0.736
0.6388888888888888,-1.5124250214224508,-1.0943708609271523,-0.7421944692239072,67.99336650082918,147.7799227799228,-26.444223107569723,-0.044,0.736
0.6416666666666667,-1.5115681233933163,-1.0943708609271523,-0.7421944692239072,67.99336650082918,147.7799227799228,-26.444223107569723,-0.045,0.735
0.6444444444444445,-1.5107112253641817,-1.0943708609271523,-0.7413024085637824,67.99336650082918,147.7799227799228,-26.444223107569723,-0.045,0.735
0.6472222222222223,-1.5107112253641817,-1.0943708609271523,-0.7413024085637824,67.91044776119402,147.7799227799228,-26.444223107569723,-0.045,0.736
0.65,-1.5107112253641817,-1.0943708609271523,-0.7421944692239072,67.91044776119402,147.7799227799228,-26.444223107569723,-0.045,0.737
0.6527777777777778,-1.5115681233933163,-1.0951986754966887,-0.7421944692239072,67.91044776119402,147.7799227799228,-26.444223107569723,-0.046,0.738
0.6555555555555556,-1.5115681233933163,-1.0951986754966887,-0.7421944692239072,67.91044776119402,147.7799227799228,-26.444223107569723,-0.046,0.739
0.6583333333333333,-1.5107112253641817,-1.0943708609271523,-0.7413024085637824,67.99336650082918,147.7799227799228,-26.444223107569723,-0.045,0.741
0.6611111111111111,-1.5107112253641817,-1.093543046357616,-0.7413024085637824,67.99336650082918,147.7799227799228,-26.444223107569723,-0.044,0.742
0.6638888888888889,-1.509854327335047,-1.0943708609271523,-0.7413024085637824,68.07628524046434,147.7799227799228,-26.444223107569723,-0.044,0.743
0.6666666666666666,-1.509854327335047,-1.0943708609271523,-0.7413024085637824,67.99336650082918,147.7799227799228,-26.444223107569723,-0.045,0.744
0.6694444444444444,-1.5107112253641817,-1.0943708609271523,-0.7413024085637824,67.99336650082918,147.7799227799228,-26.444223107569723,-0.046,0.745
0.6722222222222223,-1.5107112253641817,-1.0943708609271523,-0.7413024085637824,67.91044776119402,147.7799227799228,-26.444223107569723,-0.046,0.746
0.675,-1.5115681233933163,-1.0943708609271523,-0.7413024085637824,67.91044776119402,147.7799227799228,-26.444223107569723,-0.047,0.746
0.6777777777777778,-1.5115681233933163,-1.0943708609271523,-0.7413024085637824,67.99336650082918,147.7799227799228,-26.444223107569723,-0.047,0.745
0.6805555555555556,-1.5107112253641817,-1.093543046357616,-0.7413024085637824,67.99336650082918,147.7799227799228,-26.444223107569723,-0.046,0.745
0.6833333333333333,-1.5115681233933163,-1.093543046357616,-0.7413024085637824,67.99336650082918,147.7799227799228,-26.444223107569723,-0.047,0.744
0.6861111111111111,-1.5115681233933163,-1.0943708609271523,-0.7421944692239072,67.99336650082918,147.7799227799228,-26.444223107569723,-0.048,0.743
0.6888888888888889,-1.5115681233933163,-1.0943708609271523,-0.7421944692239072,67.99336650082918,147.7799227799228,-26.444223107569723,-0.049,0.742
0.6916666666666667,-1.5115681233933163,-1.0943708609271523,-0.7421944692239072,67.99336650082918,147.7799227799228,-26.444223107569723,-0.05,0.741
0.6944444444444444,-1.5115681233933163,-1.0943708609271523,-0.7421944692239072,67.91044776119402,147.7799227799228,-26.444223107569723,-0.05,0.74
0.6972222222222222,-1.5115681233933163,-1.0943708609271523,-0.7421944692239072,67.91044776119402,147.7799227799228,-26.444223107569723,-0.051,0.739
0.7,-1.5115681233933163,-1.0943708609271523,-0.7413024085637824,67.99336650082918,147.7799227799228,-26.444223107569723,-0.051,0.738
0.7027777777777777,-1.5115681233933163,-1.0943708609271523,-0.7413024085637824,67.99336650082918,147.7799227799228,-26.444223107569723,-0.052,0.738
0.7055555555555556,-1.5107112253641817,-1.0943708609271523,-0.7413024085637824,67.99336650082918,147.7799227799228,-26.444223107569723,-0.053,0.737
0.7083333333333334,-1.5107112253641817,-1.0943708609271523,-0.7413024085637824,67.99336650082918,147.7799227799228,-26.444223107569723,-0.054,0.737
0.7111111111111111,-1.5115681233933163,-1.0943708609271523,-0.7421944692239072,67.99336650082918,147.7799227799228,-26.444223107569723,-0.055,0.738
0.7138888888888889,-1.5107112253641817,-1.0943708609271523,-0.7421944692239072,67.99336650082918,147.7799227799228,-26.444223107569723,-0.055,0.739
0.7166666666666667,-1.5107112253641817,-1.0943708609271523,-0.7413024085637824,67.99336650082918,147.7799227799228,-26.444223107569723,-0.056,0.74
0.7194444444444444,-1.5107112253641817,-1.0943708609271523,-0.7413024085637824,67.99336650082918,147.7799227799228,-26.444223107569723,-0.057,0.741
0.7222222222222222,-1.5107112253641817,-1.0943708609271523,-0.7413024085637824,67.99336650082918,147.7799227799228,-26.444223107569723,-0.057,0.743
0.725,-1.509854327335047,-1.093543046357616,-0.7413024085637824,67.99336650082918,147.7799227799228,-26.444223107569723,-0.058,0.744
0.7277777777777777,-1.509854327335047,-1.093543046357616,-0.7413024085637824,67.99336650082918,147.7799227799228,-26.444223107569723,-0.059,0.746
0.7305555555555555,-1.5107112253641817,-1.0943708609271523,-0.7413024085637824,67.99336650082918,147.7799227799228,-26.444223107569723,-0.059,0.747
0.7333333333333333,-1.5107112253641817,-1.0943708609271523,-0.7413024085637824,67.99336650082918,147.7799227799228,-26.444223107569723,-0.061,0.748
0.7361111111111112,-1.5107112253641817,-1.0943708609271523,-0.7421944692239072,67.99336650082918,147.7799227799228,-26.444223107569723,-0.062,0.749
0.7388888888888889,-1.5107112253641817,-1.0943708609271523,-0.7413024085637824,67.99336650082918,147.7799227799228,-26.444223107569723,-0.062,0.749
0.7416666666666667,-1.5107112253641817,-1.0943708609271523,-0.7413024085637824,67.99336650082918,147.7799227799228,-26.444223107569723,-0.062,0.748
0.7444444444444445,-1.5107112253641817,-1.093543046357616,-0.7413024085637824,68.07628524046434,147.7799227799228,-26.444223107569723,-0.062,0.748
0.7472222222222222,-1.5107112253641817,-1.093543046357616,-0.7413024085637824,67.99336650082918,147.7799227799228,-26.444223107569723,-0.063,0.747
0.75,-1.5115681233933163,-1.093543046357616,-0.7413024085637824,67.99336650082918,147.7799227799228,-26.444223107569723,-0.064,0.746
0.7527777777777778,-1.5115681233933163,-1.093543046357616,-0.7421944692239072,67.99336650082918,147.7799227799228,-26.444223107569723,-0.064,0.745
0.7555555555555555,-1.5115681233933163,-1.093543046357616,-0.7413024085637824,68.07628524046434,147.7799227799228,-26.444223107569723,-0.064,0.743
0.7583333333333333,-1.5115681233933163,-1.093543046357616,-0.7413024085637824,68.07628524046434,147.7799227799228,-26.444223107569723,-0.064,0.742
0.7611111111111111,-1.5115681233933163,-1.093543046357616,-0.7413024085637824,68.07628524046434,147.7799227799228,-26.444223107569723,-0.066,0.741
0.7638888888888888,-1.5115681233933163,-1.0943708609271523,-0.7421944692239072,67.99336650082918,147.7799227799228,-26.444223107569723,-0.067,0.74
0.7666666666666667,-1.5115681233933163,-1.0943708609271523,-0.7421944692239072,67.99336650082918,147.7799227799228,-26.444223107569723,-0.067,0.739
0.7694444444444445,-1.5115681233933163,-1.0943708609271523,-0.7421944692239072,67.99336650082918,147.7799227799228,-26.444223107569723,-0.067,0.739
0.7722222222222223,-1.5115681233933163,-1.0943708609271523,-0.7413024085637824,67.99336650082918,147.7799227799228,-26.444223107569723,-0.067,0.739
0.775,-1.5115681233933163,-1.093543046357616,-0.7413024085637824,67.99336650082918,147.7799227799228,-26.444223107569723,-0.067,0.739
0.7777777777777778,-1.5107112253641817,-1.0943708609271523,-0.7413024085637824,67.99336650082918,147.7799227799228,-26.444223107569723,-0.067,0.739
0.7805555555555556,-1.5107112253641817,-1.0943708609271523,-0.7413024085637824,67.99336650082918,147.7799227799228,-26.444223107569723,-0.066,0.739
0.7833333333333333,-1.5107112253641817,-1.093543046357616,-0.7413024085637824,68.07628524046434,147.7799227799228,-26.444223107569723,-0.066,0.74
0.7861111111111111,-1.5107112253641817,-1.093543046357616,-0.7413024085637824,68.07628524046434,147.7799227799228,-26.444223107569723,-0.066,0.741
0.7888888888888889,-1.5107112253641817,-1.093543046357616,-0.7413024085637824,68.07628524046434,147.7799227799228,-26.444223107569723,-0.066,0.743
0.7916666666666666,-1.509854327335047,-1.093543046357616,-0.7413024085637824,68.07628524046434,147.7799227799228,-26.444223107569723,-0.065,0.744
0.7944444444444444,-1.509854327335047,-1.093543046357616,-0.7413024085637824,68.07628524046434,147.7799227799228,-26.444223107569723,-0.066,0.745
0.7972222222222223,-1.509854327335047,-1.0943708609271523,-0.7413024085637824,67.99336650082918,147.7799227799228,-26.444223107569723,-0.067,0.746
0.8,-1.5107112253641817,-1.0943708609271523,-0.7413024085637824,67.99336650082918,147.7799227799228,-26.444223107569723,-0.066,0.746
0.8027777777777778,-1.5107112253641817,-1.0943708609271523,-0.7413024085637824,68.07628524046434,147.7799227799228,-26.444223107569723,-0.065,0.747
0.8055555555555556,-1.5107112253641817,-1.0943708609271523,-0.7413024085637824,68.07628524046434,147.7799227799228,-26.444223107569723,-0.065,0.746
0.8083333333333333,-1.5107112253641817,-1.0943708609271523,-0.7413024085637824,68.07628524046434,147.7799227799228,-26.444223107569723,-0.065,0.746
0.8111111111111111,-1.5107112253641817,-1.0943708609271523,-0.7413024085637824,67.99336650082918,147.7799227799228,-26.444223107569723,-0.065,0.745
0.8138888888888889,-1.5107112253641817,-1.0943708609271523,-0.7413024085637824,68.07628524046434,147.7799227799228,-26.444223107569723,-0.064,0.744
0.8166666666666667,-1.5115681233933163,-1.0943708609271523,-0.7413024085637824,68.07628524046434,147.7799227799228,-26.444223107569723,-0.064,0.742
0.8194444444444444,-1.5115681233933163,-1.0943708609271523,-0.7413024085637824,67.99336650082918,147.7799227799228,-26.444223107569723,-0.064,0.741
0.8222222222222222,-1.5115681233933163,-1.0943708609271523,-0.7413024085637824,67.99336650082918,147.7799227799228,-26.444223107569723,-0.064,0.739
0.825,-1.5115681233933163,-1.0943708609271523,-0.7413024085637824,68.07628524046434,147.7799227799228,-26.444223107569723,-0.062,0.738
0.8277777777777777,-1.5107112253641817,-1.093543046357616,-0.7413024085637824,68.07628524046434,147.7799227799228,-26.444223107569723,-0.061,0.736
0.8305555555555556,-1.5107112253641817,-1.0943708609271523,-0.7413024085637824,68.07628524046434,147.7799227799228,-26.444223107569723,-0.062,0.735
0.8333333333333334,-1.5107112253641817,-1.0943708609271523,-0.7413024085637824,67.99336650082918,147.7799227799228,-26.444223107569723,-0.062,0.733
0.8361111111111111,-1.5107112253641817,-1.0943708609271523,-0.7413024085637824,67.99336650082918,147.7799227799228,-26.444223107569723,-0.061,0.733
0.8388888888888889,-1.5107112253641817,-1.0943708609271523,-0.7413024085637824,67.99336650082918,147.7799227799228,-26.444223107569723,-0.06,0.732
0.8416666666666667,-1.5107112253641817,-1.0943708609271523,-0.7421944692239072,67.99336650082918,147.7799227799228,-26.444223107569723,-0.06,0.732
0.8444444444444444,-1.5107112253641817,-1.093543046357616,-0.7413024085637824,67.99336650082918,147.7799227799228,-26.444223107569723,-0.059,0.732
0.8472222222222222,-1.5107112253641817,-1.093543046357616,-0.7413024085637824,68.07628524046434,147.7799227799228,-26.444223107569723,-0.057,0.733
0.85,-1.5107112253641817,-1.093543046357616,-0.7413024085637824,68.07628524046434,147.7799227799228,-26.444223107569723,-0.057,0.734
0.8527777777777777,-1.509854327335047,-1.0943708609271523,-0.7413024085637824,67.99336650082918,147.7799227799228,-26.444223107569723,-0.058,0.735
0.8555555555555555,-1.509854327335047,-1.0943708609271523,-0.7421944692239072,67.99336650082918,147.7799227799228,-26.444223107569723,-0.057,0.735
0.8583333333333333,-1.509854327335047,-1.0943708609271523,-0.7413024085637824,67.99336650082918,147.7799227799228,-26.444223107569723,-0.055,0.736
0.8611111111111112,-1.509854327335047,-1.093543046357616,-0.7413024085637824,67.99336650082918,147.7799227799228,-26.444223107569723,-0.054,0.737
0.8638888888888889,-1.509854327335047,-1.093543046357616,-0.7413024085637824,67.99336650082918,147.7799227799228,-26.444223107569723,-0.054,0.739
0.8666666666666667,-1.509854327335047,-1.093543046357616,-0.7413024085637824,67.99336650082918,147.7799227799228,-26.444223107569723,-0.053,0.739
0.8694444444444445,-1.509854327335047,-1.093543046357616,-0.7413024085637824,68.07628524046434,147.7799227799228,-26.444223107569723,-0.052,0.739
0.8722222222222222,-1.5107112253641817,-1.0943708609271523,-0.7413024085637824,68.07628524046434,147.7799227799228,-26.444223107569723,-0.051,0.74
0.875,-1.5107112253641817,-1.0943708609271523,-0.7413024085637824,67.99336650082918,147.7799227799228,-26.444223107569723,-0.051,0.74
0.8777777777777778,-1.5107112253641817,-1.0943708609271523,-0.7413024085637824,67.99336650082918,147.7799227799228,-26.444223107569723,-0.05,0.739
0.8805555555555555,-1.5107112253641817,-1.0943708609271523,-0.7413024085637824,67.99336650082918,147.7799227799228,-26.444223107569723,-0.05,0.738
0.8833333333333333,-1.5115681233933163,-1.0943708609271523,-0.7413024085637824,67.99336650082918,147.7799227799228,-26.444223107569723,-0.049,0.736
0.8861111111111111,-1.5115681233933163,-1.0943708609271523,-0.7413024085637824,67.99336650082918,147.7799227799228,-26.444223107569723,-0.047,0.735
0.8888888888888888,-1.5115681233933163,-1.093543046357616,-0.7413024085637824,68.07628524046434,147.7799227799228,-26.444223107569723,-0.046,0.734
0.8916666666666667,-1.5107112253641817,-1.093543046357616,-0.7413024085637824,67.99336650082918,147.7799227799228,-26.444223107569723,-0.046,0.733
0.8944444444444445,-1.5115681233933163,-1.0943708609271523,-0.7413024085637824,67.91044776119402,147.7799227799228,-26.444223107569723,-0.046,0.731
0.8972222222222223,-1.5115681233933163,-1.0943708609271523,-0.7421944692239072,67.91044776119402,147.7799227799228,-26.444223107569723,-0.045,0.73
0.9,-1.5115681233933163,-1.0943708609271523,-0.7421944692239072,67.99336650082918,147.7799227799228,-26.444223107569723,-0.043,0.729
0.9027777777777778,-1.5115681233933163,-1.093543046357616,-0.7413024085637824,68.07628524046434,147.7799227799228,-26.444223107569723,-0.041,0.729
0.9055555555555556,-1.5115681233933163,-1.093543046357616,-0.7413024085637824,67.99336650082918,147.7799227799228,-26.444223107569723,-0.041,0.728
0.9083333333333333,-1.5107112253641817,-1.0943708609271523,-0.7421944692239072,67.99336650082918,147.7799227799228,-26.444223107569723,-0.04,0.728
0.9111111111111111,-1.5107112253641817,-1.0943708609271523,-0.7413024085637824,68.07628524046434,147.7799227799228,-26.444223107569723,-0.038,0.729
0.9138888888888889,-1.5107112253641817,-1.0943708609271523,-0.7413024085637824,68.07628524046434,147.7799227799228,-26.444223107569723,-0.037,0.73
0.9166666666666666,-1.509854327335047,-1.0943708609271523,-0.7413024085637824,67.99336650082918,147.7799227799228,-26.444223107569723,-0.036,0.731
0.9194444444444444,-1.509854327335047,-1.0943708609271523,-0.7413024085637824,67.99336650082918,147.7799227799228,-26.444223107569723,-0.036,0.732
0.9222222222222223,-1.509854327335047,-1.0943708609271523,-0.7421944692239072,67.99336650082918,147.7799227799228,-26.444223107569723,-0.035,0.734
0.925,-1.509854327335047,-1.0943708609271523,-0.7413024085637824,68.07628524046434,147.7799227799228,-26.444223107569723,-0.034,0.735
0.9277777777777778,-1.5107112253641817,-1.0943708609271523,-0.7413024085637824,67.99336650082918,147.7799227799228,-26.444223107569723,-0.033,0.736
0.9305555555555556,-1.5107112253641817,-1.0943708609271523,-0.7413024085637824,67.99336650082918,147.7799227799228,-26.444223107569723,-0.033,0.737
0.9333333333333333,-1.5107112253641817,-1.0943708609271523,-0.7421944692239072,67.99336650082918,147.7799227799228,-26.444223107569723,-0.032,0.738
0.9361111111111111,-1.5107112253641817,-1.0943708609271523,-0.7421944692239072,67.99336650082918,147.7799227799228,-26.444223107569723,-0.031,0.738
0.9388888888888889,-1.5107112253641817,-1.0943708609271523,-0.7413024085637824,68.07628524046434,147.7799227799228,-26.444223107569723,-0.03,0.739
0.9416666666666667,-1.5107112253641817,-1.0943708609271523,-0.7413024085637824,68.07628524046434,147.7799227799228,-26.444223107569723,-0.03,0.738
0.9444444444444444,-1.5115681233933163,-1.0943708609271523,-0.7413024085637824,68.07628524046434,147.7799227799228,-26.444223107569723,-0.029,0.738
0.9472222222222222,-1.5115681233933163,-1.0943708609271523,-0.7421944692239072,68.07628524046434,147.7799227799228,-26.444223107569723,-0.028,0.737
0.95,-1.5115681233933163,-1.0943708609271523,-0.7421944692239072,68.07628524046434,147.7799227799228,-26.444223107569723,-0.029,0.736
0.9527777777777777,-1.5115681233933163,-1.0951986754966887,-0.7421944692239072,67.99336650082918,147.7799227799228,-26.444223107569723,-0.028,0.735
0.9555555555555556,-1.5124250214224508,-1.0943708609271523,-0.7413024085637824,67.99336650082918,147.7799227799228,-26.444223107569723,-0.028,0.733
0.9583333333333334,-1.5115681233933163,-1.0943708609271523,-0.7413024085637824,68.07628524046434,147.7799227799228,-26.444223107569723,-0.027,0.732
0.9611111111111111,-1.5115681233933163,-1.0943708609271523,-0.7421944692239072,68.07628524046434,147.7799227799228,-26.444223107569723,-0.027,0.731
0.9638888888888889,-1.5115681233933163,-1.0943708609271523,-0.7421944692239072,67.99336650082918,147.7799227799228,-26.444223107569723,-0.027,0.73
0.9666666666666667,-1.5124250214224508,-1.0943708609271523,-0.7421944692239072,67.99336650082918,147.7799227799228,-26.444223107569723,-0.027,0.729
0.9694444444444444,-1.5115681233933163,-1.0943708609271523,-0.7421944692239072,67.99336650082918,147.7799227799228,-26.444223107569723,-0.027,0.729
0.9722222222222222,-1.5115681233933163,-1.0943708609271523,-0.7421944692239072,67.99336650082918,147.7799227799228,-26.444223107569723,-0.028,0.729
0.975,-1.5115681233933163,-1.0943708609271523,-0.7421944692239072,67.99336650082918,147.7799227799228,-26.444223107569723,-0.027,0.729
0.9777777777777777,-1.5115681233933163,-1.0943708609271523,-0.7421944692239072,67.99336650082918,147.7799227799228,-26.444223107569723,-0.027,0.729
0.9805555555555555,-1.5115681233933163,-1.0943708609271523,-0.7421944692239072,67.99336650082918,147.7799227799228,-26.444223107569723,-0.027,0.73
0.9833333333333333,-1.5107112253641817,-1.0943708609271523,-0.7421944692239072,67.99336650082918,147.7799227799228,-26.444223107569723,-0.027,0.731
0.9861111111111112,-1.5107112253641817,-1.0943708609271523,-0.7421944692239072,67.99336650082918,147.7799227799228,-26.444223107569723,-0.027,0.733
0.9888888888888889,-1.5107112253641817,-1.0943708609271523,-0.7421944692239072,67.99336650082918,147.7799227799228,-26.444223107569723,-0.027,0.734
0.9916666666666667,-1.5107112253641817,-1.0943708609271523,-0.7421944692239072,67.99336650082918,147.7799227799228,-26.444223107569723,-0.027,0.735
0.9944444444444445,-1.5107112253641817,-1.0943708609271523,-0.7421944692239072,67.99336650082918,147.7799227799228,-26.444223107569723,-0.028,0.737
0.9972222222222222,-1.5107112253641817,-1.0943708609271523,-0.7413024085637824,67.99336650082918,147.7799227799228,-26.444223107569723,-0.027,0.738
1.0,-1.5107112253641817,-1.0943708609271523,-0.7413024085637824,67.99336650082918,147.7799227799228,-26.444223107569723,-0.027,0.739
1.0027777777777778,-1.5107112253641817,-1.0943708609271523,-0.7413024085637824,67.91044776119402,147.7799227799228,-26.444223107569723,-0.029,0.739
1.0055555555555555,-1.5107112253641817,-1.0943708609271523,-0.7421944692239072,67.91044776119402,147.7799227799228,-26.444223107569723,-0.03,0.739
1.0083333333333333,-1.5107112253641817,-1.0943708609271523,-0.7421944692239072,67.91044776119402,147.7799227799228,-26.444223107569723,-0.03,0.738
1.011111111111111,-1.5107112253641817,-1.0943708609271523,-0.7421944692239072,67.91044776119402,147.7799227799228,-26.444223107569723,-0.029,0.738
1.0138888888888888,-1.5115681233933163,-1.0943708609271523,-0.7421944692239072,67.91044776119402,147.7799227799228,-26.444223107569723,-0.03,0.736
1.0166666666666666,-1.5124250214224508,-1.0951986754966887,-0.7421944692239072,67.91044776119402,147.7799227799228,-26.444223107569723,-0.031,0.735
1.0194444444444444,-1.5124250214224508,-1.0943708609271523,-0.7421944692239072,67.91044776119402,147.7799227799228,-26.444223107569723,-0.031,0.734
1.0222222222222221,-1.5124250214224508,-1.0943708609271523,-0.7421944692239072,67.91044776119402,147.7799227799228,-26.444223107569723,-0.032,0.732
1.025,-1.5115681233933163,-1.0943708609271523,-0.7421944692239072,67.91044776119402,147.7799227799228,-26.444223107569723,-0.032,0.731
1.0277777777777777,-1.5124250214224508,-1.0951986754966887,-0.7421944692239072,67.91044776119402,147.7799227799228,-26.444223107569723,-0.032,0.729
1.0305555555555554,-1.5124250214224508,-1.0951986754966887,-0.7421944692239072,67.91044776119402,147.7799227799228,-26.444223107569723,-0.032,0.728
1.0333333333333334,-1.5124250214224508,-1.0943708609271523,-0.7421944692239072,67.91044776119402,147.7799227799228,-26.444223107569723,-0.033,0.727
1.0361111111111112,-1.5115681233933163,-1.0943708609271523,-0.7421944692239072,67.82752902155887,147.7799227799228,-26.444223107569723,-0.034,0.727
1.038888888888889,-1.5124250214224508,-1.0951986754966887,-0.7421944692239072,67.82752902155887,147.7799227799228,-26.444223107569723,-0.035,0.727
1.0416666666666667,-1.5124250214224508,-1.0951986754966887,-0.7421944692239072,67.82752902155887,147.7799227799228,-26.444223107569723,-0.035,0.727
1.0444444444444445,-1.5115681233933163,-1.0943708609271523,-0.7421944692239072,67.82752902155887,147.7799227799228,-26.444223107569723,-0.034,0.727
1.0472222222222223,-1.5115681233933163,-1.0943708609271523,-0.7421944692239072,67.91044776119402,147.7799227799228,-26.444223107569723,-0.034,0.728
1.05,-1.5107112253641817,-1.0951986754966887,-0.7421944692239072,67.91044776119402,147.7799227799228,-26.444223107569723,-0.035,0.729
1.0527777777777778,-1.5107112253641817,-1.0943708609271523,-0.7421944692239072,67.91044776119402,147.7799227799228,-26.444223107569723,-0.035,0.731
1.0555555555555556,-1.5107112253641817,-1.0943708609271523,-0.7421944692239072,67.91044776119402,147.7799227799228,-26.444223107569723,-0.036,0.732
1.0583333333333333,-1.5107112253641817,-1.0943708609271523,-0.7413024085637824,67.91044776119402,147.7799227799228,-26.444223107569723,-0.037,0.733
1.0611111111111111,-1.5107112253641817,-1.0951986754966887,-0.7421944692239072,67.82752902155887,147.7799227799228,-26.444223107569723,-0.038,0.734
1.0638888888888889,-1.5107112253641817,-1.0951986754966887,-0.7421944692239072,67.91044776119402,147.7799227799228,-26.444223107569723,-0.038,0.735
1.0666666666666667,-1.5107112253641817,-1.0943708609271523,-0.7421944692239072,67.99336650082918,147.7799227799228,-26.444223107569723,-0.038,0.736
1.0694444444444444,-1.5115681233933163,-1.0951986754966887,-0.7421944692239072,67.91044776119402,147.7799227799228,-26.444223107569723,-0.039,0.736
1.0722222222222222,-1.5115681233933163,-1.0951986754966887,-0.7421944692239072,67.82752902155887,147.7799227799228,-26.444223107569723,-0.04,0.736
1.075,-1.5115681233933163,-1.0943708609271523,-0.7421944692239072,67.91044776119402,147.7799227799228,-26.444223107569723,-0.04,0.736
1.0777777777777777,-1.5115681233933163,-1.0943708609271523,-0.7421944692239072,67.99336650082918,147.7799227799228,-26.444223107569723,-0.04,0.735
1.0805555555555555,-1.5115681233933163,-1.0943708609271523,-0.7421944692239072,67.91044776119402,147.7799227799228,-26.444223107569723,-0.04,0.734
1.0833333333333333,-1.5124250214224508,-1.0943708609271523,-0.7421944692239072,67.91044776119402,147.7799227799228,-26.444223107569723,-0.041,0.733
1.086111111111111,-1.5124250214224508,-1.0943708609271523,-0.7421944692239072,67.91044776119402,147.7799227799228,-26.444223107569723,-0.042,0.732
1.0888888888888888,-1.5115681233933163,-1.0943708609271523,-0.7421944692239072,67.91044776119402,147.7799227799228,-26.444223107569723,-0.042,0.731
1.0916666666666666,-1.5115681233933163,-1.0943708609271523,-0.7421944692239072,67.91044776119402,147.7799227799228,-26.444223107569723,-0.043,0.729
1.0944444444444446,-1.5124250214224508,-1.0943708609271523,-0.7421944692239072,67.91044776119402,147.7799227799228,-26.444223107569723,-0.043,0.728
1.0972222222222223,-1.5115681233933163,-1.0951986754966887,-0.7421944692239072,67.99336650082918,147.7799227799228,-26.444223107569723,-0.043,0.727
1.1,-1.5115681233933163,-1.0951986754966887,-0.7421944692239072,67.91044776119402,147.7799227799228,-26.444223107569723,-0.044,0.726
1.1027777777777779,-1.5115681233933163,-1.0943708609271523,-0.7413024085637824,67.91044776119402,147.7799227799228,-26.444223107569723,-0.045,0.726
1.1055555555555556,-1.5115681233933163,-1.0943708609271523,-0.7421944692239072,67.91044776119402,147.7799227799228,-26.444223107569723,-0.045,0.726
1.1083333333333334,-1.5115681233933163,-1.0943708609271523,-0.7421944692239072,67.91044776119402,147.7799227799228,-26.444223107569723,-0.045,0.726
1.1111111111111112,-1.5115681233933163,-1.0943708609271523,-0.7421944692239072,67.99336650082918,147.7799227799228,-26.444223107569723,-0.045,0.727
1.113888888888889,-1.5107112253641817,-1.0951986754966887,-0.7421944692239072,67.91044776119402,147.7799227799228,-26.444223107569723,-0.046,0.727
1.1166666666666667,-1.5107112253641817,-1.0951986754966887,-0.7421944692239072,67.91044776119402,147.7799227799228,-26.444223107569723,-0.046,0.728
1.1194444444444445,-1.5107112253641817,-1.0943708609271523,-0.7421944692239072,67.91044776119402,147.7799227799228,-26.444223107569723,-0.046,0.73
1.1222222222222222,-1.5107112253641817,-1.0943708609271523,-0.7421944692239072,67.91044776119402,147.7799227799228,-26.444223107569723,-0.047,0.731
1.125,-1.5107112253641817,-1.0943708609271523,-0.7421944692239072,67.91044776119402,147.7799227799228,-26.444223107569723,-0.047,0.732
1.1277777777777778,-1.5107112253641817,-1.0943708609271523,-0.7413024085637824,67.91044776119402,147.7799227799228,-26.444223107569723,-0.047,0.734
1.1305555555555555,-1.5107112253641817,-1.0943708609271523,-0.7421944692239072,67.91044776119402,147.7799227799228,-26.444223107569723,-0.047,0.735
1.1333333333333333,-1.5107112253641817,-1.0943708609271523,-0.7421944692239072,67.91044776119402,147.7799227799228,-26.444223107569723,-0.048,0.735
1.136111111111111,-1.5115681233933163,-1.0951986754966887,-0.7421944692239072,67.82752902155887,147.7799227799228,-26.444223107569723,-0.049,0.735
1.1388888888888888,-1.5115681233933163,-1.0951986754966887,-0.7421944692239072,67.91044776119402,147.7799227799228,-26.444223107569723,-0.048,0.735
1.1416666666666666,-1.5115681233933163,-1.0943708609271523,-0.7413024085637824,67.99336650082918,147.7799227799228,-26.444223107569723,-0.048,0.735
1.1444444444444444,-1.5115681233933163,-1.0943708609271523,-0.7413024085637824,67.99336650082918,147.7799227799228,-26.444223107569723,-0.048,0.734
1.1472222222222221,-1.5115681233933163,-1.0943708609271523,-0.7421944692239072,67.91044776119402,147.7799227799228,-26.444223107569723,-0.049,0.733
1.15,-1.5124250214224508,-1.0943708609271523,-0.7421944692239072,67.91044776119402,147.7799227799228,-26.444223107569723,-0.049,0.732
1.1527777777777777,-1.5124250214224508,-1.0943708609271523,-0.7413024085637824,67.99336650082918,147.7799227799228,-26.444223107569723,-0.048,0.73
1.1555555555555554,-1.5115681233933163,-1.0943708609271523,-0.7413024085637824,67.99336650082918,147.7799227799228,-26.444223107569723,-0.049,0.729
1.1583333333333334,-1.5124250214224508,-1.0943708609271523,-0.7421944692239072,67.91044776119402,147.7799227799228,-26.444223107569723,-0.051,0.728
1.1611111111111112,-1.5124250214224508,-1.0943708609271523,-0.7421944692239072,67.82752902155887,147.7799227799228,-26.444223107569723,-0.052,0.727
1.163888888888889,-1.5124250214224508,-1.0943708609271523,-0.7421944692239072,67.91044776119402,147.7799227799228,-26.444223107569723,-0.051,0.726
1.1666666666666667,-1.5115681233933163,-1.0943708609271523,-0.7421944692239072,67.91044776119402,147.7799227799228,-26.444223107569723,-0.051,0.725
1.1694444444444445,-1.5115681233933163,-1.0943708609271523,-0.7421944692239072,67.91044776119402,147.7799227799228,-26.444223107569723,-0.051,0.725
1.1722222222222223,-1.5115681233933163,-1.0943708609271523,-0.7421944692239072,67.99336650082918,147.7799227799228,-26.444223107569723,-0.051,0.725
1.175,-1.5115681233933163,-1.0943708609271523,-0.7421944692239072,67.99336650082918,147.7799227799228,-26.444223107569723,-0.051,0.725
1.1777777777777778,-1.5107112253641817,-1.0943708609271523,-0.7413024085637824,67.99336650082918,147.7799227799228,-26.444223107569723,-0.051,0.726
1.1805555555555556,-1.5107112253641817,-1.0943708609271523,-0.7413024085637824,67.99336650082918,147.7799227799228,-26.444223107569723,-0.052,0.727
1.1833333333333333,-1.5107112253641817,-1.0943708609271523,-0.7413024085637824,67.99336650082918,147.7799227799228,-26.444223107569723,-0.052,0.728
1.1861111111111111,-1.5107112253641817,-1.093543046357616,-0.7413024085637824,67.99336650082918,147.7799227799228,-26.444223107569723,-0.051,0.729
1.1888888888888889,-1.509854327335047,-1.093543046357616,-0.7413024085637824,67.99336650082918,147.7799227799228,-26.444223107569723,-0.052,0.731
1.1916666666666667,-1.509854327335047,-1.0943708609271523,-0.7413024085637824,67.99336650082918,147.7799227799228,-26.444223107569723,-0.052,0.732
1.1944444444444444,-1.5107112253641817,-1.0943708609271523,-0.7413024085637824,67.99336650082918,147.7799227799228,-26.444223107569723,-0.053,0.733
1.1972222222222222,-1.5107112253641817,-1.0943708609271523,-0.7421944692239072,67.91044776119402,147.7799227799228,-26.444223107569723,-0.054,0.734
1.2,-1.5107112253641817,-1.0951986754966887,-0.7421944692239072,67.91044776119402,147.7799227799228,-26.444223107569723,-0.055,0.735
1.2027777777777777,-1.5115681233933163,-1.0951986754966887,-0.7421944692239072,67.91044776119402,147.7799227799228,-26.444223107569723,-0.055,0.735
1.2055555555555555,-1.5115681233933163,-1.0943708609271523,-0.7413024085637824,67.99336650082918,147.7799227799228,-26.444223107569723,-0.054,0.735
1.2083333333333333,-1.5107112253641817,-1.093543046357616,-0.7413024085637824,68.07628524046434,147.7799227799228,-26.444223107569723,-0.054,0.735
1.211111111111111,-1.5107112253641817,-1.0943708609271523,-0.7413024085637824,68.07628524046434,147.7799227799228,-26.444223107569723,-0.055,0.734
1.2138888888888888,-1.5115681233933163,-1.0943708609271523,-0.7421944692239072,67.99336650082918,147.7799227799228,-26.444223107569723,-0.056,0.733
1.2166666666666666,-1.5115681233933163,-1.0943708609271523,-0.7421944692239072,67.99336650082918,147.7799227799228,-26.444223107569723,-0.056,0.732
1.2194444444444446,-1.5115681233933163,-1.0943708609271523,-0.7413024085637824,67.99336650082918,147.7799227799228,-26.444223107569723,-0.056,0.731
1.2222222222222223,-1.5115681233933163,-1.0943708609271523,-0.7413024085637824,67.99336650082918,147.7799227799228,-26.444223107569723,-0.057,0.73
1.225,-1.5115681233933163,-1.0943708609271523,-0.7413024085637824,67.99336650082918,147.7799227799228,-26.444223107569723,-0.058,0.729
1.2277777777777779,-1.5115681233933163,-1.0943708609271523,-0.7413024085637824,67.99336650082918,147.7799227799228,-26.444223107569723,-0.057,0.728
1.2305555555555556,-1.5115681233933163,-1.0943708609271523,-0.7413024085637824,67.99336650082918,147.7799227799228,-26.444223107569723,-0.058,0.727
1.2333333333333334,-1.5115681233933163,-1.0943708609271523,-0.7413024085637824,67.99336650082918,147.7799227799228,-26.444223107569723,-0.059,0.727
1.2361111111111112,-1.5115681233933163,-1.0943708609271523,-0.7413024085637824,67.99336650082918,147.7799227799228,-26.444223107569723,-0.06,0.727
1.238888888888889,-1.5115681233933163,-1.0943708609271523,-0.7421944692239072,67.91044776119402,147.7799227799228,-26.444223107569723,-0.061,0.727
1.2416666666666667,-1.5115681233933163,-1.0943708609271523,-0.7421944692239072,67.91044776119402,147.7799227799228,-26.444223107569723,-0.061,0.728
1.2444444444444445,-1.5107112253641817,-1.0943708609271523,-0.7413024085637824,67.91044776119402,147.7799227799228,-26.444223107569723,-0.061,0.729
1.2472222222222222,-1.5107112253641817,-1.0943708609271523,-0.7413024085637824,67.99336650082918,147.7799227799228,-26.444223107569723,-0.061,0.729
1.25,-1.5107112253641817,-1.0943708609271523,-0.7413024085637824,67.99336650082918,147.7799227799228,-26.444223107569723,-0.061,0.731
1.2527777777777778,-1.5107112253641817,-1.0943708609271523,-0.7413024085637824,67.99336650082918,147.7799227799228,-26.444223107569723,-0.063,0.733
1.2555555555555555,-1.5107112253641817,-1.0943708609271523,-0.7413024085637824,67.99336650082918,147.7799227799228,-26.444223107569723,-0.064,0.734
1.2583333333333333,-1.5107112253641817,-1.0943708609271523,-0.7413024085637824,67.99336650082918,147.7799227799228,-26.444223107569723,-0.065,0.736
1.261111111111111,-1.5107112253641817,-1.0943708609271523,-0.7413024085637824,67.99336650082918,147.7799227799228,-26.444223107569723,-0.065,0.737
1.2638888888888888,-1.5107112253641817,-1.0943708609271523,-0.7413024085637824,67.99336650082918,147.7799227799228,-26.444223107569723,-0.066,0.738
1.2666666666666666,-1.5107112253641817,-1.0943708609271523,-0.7413024085637824,67.99336650082918,147.7799227799228,-26.444223107569723,-0.066,0.739
1.2694444444444444,-1.5107112253641817,-1.0943708609271523,-0.7413024085637824,67.99336650082918,147.7799227799228,-26.444223107569723,-0.067,0.739
1.2722222222222221,-1.5107112253641817,-1.0943708609271523,-0.7413024085637824,67.99336650082918,147.7799227799228,-26.444223107569723,-0.068,0.739
1.275,-1.5107112253641817,-1.0943708609271523,-0.7413024085637824,67.91044776119402,147.7799227799228,-26.444223107569723,-0.069,0.739
1.2777777777777777,-1.5115681233933163,-1.0943708609271523,-0.7421944692239072,67.91044776119402,147.7799227799228,-26.444223107569723,-0.07,0.738
1.2805555555555554,-1.5115681233933163,-1.0943708609271523,-0.7421944692239072,67.99336650082918,147.7799227799228,-26.444223107569723,-0.069,0.737
1.2833333333333334,-1.5115681233933163,-1.093543046357616,-0.7413024085637824,68.07628524046434,147.7799227799228,-26.444223107569723,-0.069,0.736
1.2861111111111112,-1.5115681233933163,-1.093543046357616,-0.7413024085637824,68.07628524046434,147.7799227799228,-26.444223107569723,-0.069,0.735
1.288888888888889,-1.5115681233933163,-1.0943708609271523,-0.7413024085637824,67.99336650082918,147.7799227799228,-26.444223107569723,-0.071,0.734
1.2916666666666667,-1.5115681233933163,-1.0943708609271523,-0.7413024085637824,67.99336650082918,147.7799227799228,-26.444223107569723,-0.072,0.733
1.2944444444444445,-1.5115681233933163,-1.0943708609271523,-0.7421944692239072,67.99336650082918,147.7799227799228,-26.444223107569723,-0.072,0.733
1.2972222222222223,-1.5115681233933163,-1.0943708609271523,-0.7413024085637824,67.99336650082918,147.7799227799228,-26.444223107569723,-0.072,0.733
1.3,-1.5115681233933163,-1.0943708609271523,-0.7413024085637824,67.99336650082918,147.7799227799228,-26.444223107569723,-0.072,0.734
1.3027777777777778,-1.5115681233933163,-1.0943708609271523,-0.7413024085637824,68.07628524046434,147.7799227799228,-26.444223107569723,-0.072,0.734
1.3055555555555556,-1.5107112253641817,-1.093543046357616,-0.7413024085637824,68.07628524046434,147.7799227799228,-26.444223107569723,-0.072,0.734
1.3083333333333333,-1.5107112253641817,-1.093543046357616,-0.7413024085637824,68.07628524046434,147.7799227799228,-26.444223107569723,-0.073,0.734
1.3111111111111111,-1.5107112253641817,-1.0943708609271523,-0.7413024085637824,67.99336650082918,147.7799227799228,-26.444223107569723,-0.074,0.735
1.3138888888888889,-1.5107112253641817,-1.0943708609271523,-0.7421944692239072,67.99336650082918,147.7799227799228,-26.444223107569723,-0.074,0.736
1.3166666666666667,-1.5107112253641817,-1.0943708609271523,-0.7413024085637824,67.99336650082918,147.7799227799228,-26.444223107569723,-0.073,0.737
1.3194444444444444,-1.5107112253641817,-1.093543046357616,-0.7413024085637824,68.07628524046434,147.7799227799228,-26.444223107569723,-0.074,0.738
1.3222222222222222,-1.5107112253641817,-1.093543046357616,-0.7413024085637824,67.99336650082918,147.7799227799228,-26.444223107569723,-0.075,0.739
1.325,-1.5107112253641817,-1.0943708609271523,-0.7413024085637824,67.99336650082918,147.7799227799228,-26.444223107569723,-0.075,0.74
1.3277777777777777,-1.5107112253641817,-1.0943708609271523,-0.7413024085637824,67.99336650082918,147.7799227799228,-26.444223107569723,-0.074,0.741
1.3305555555555555,-1.509854327335047,-1.0943708609271523,-0.7413024085637824,67.99336650082918,147.7799227799228,-26.444223107569723,-0.074,0.742
1.3333333333333333,-1.5107112253641817,-1.0943708609271523,-0.7413024085637824,67.99336650082918,147.7799227799228,-26.444223107569723,-0.075,0.743
1.336111111111111,-1.5107112253641817,-1.0943708609271523,-0.7413024085637824,67.99336650082918,147.7799227799228,-26.444223107569723,-0.076,0.743
1.3388888888888888,-1.5107112253641817,-1.0943708609271523,-0.7413024085637824,67.99336650082918,147.7799227799228,-26.444223107569723,-0.076,0.742
1.3416666666666666,-1.5107112253641817,-1.093543046357616,-0.7413024085637824,67.99336650082918,147.7799227799228,-26.444223107569723,-0.076,0.742
1.3444444444444446,-1.5107112253641817,-1.0943708609271523,-0.7413024085637824,67.99336650082918,147.7799227799228,-26.444223107569723,-0.076,0.741
1.3472222222222223,-1.5115681233933163,-1.0943708609271523,-0.7413024085637824,67.99336650082918,147.7799227799228,-26.444223107569723,-0.076,0.74
1.35,-1.5115681233933163,-1.0943708609271523,-0.7413024085637824,67.99336650082918,147.7799227799228,-26.444223107569723,-0.075,0.739
1.3527777777777779,-1.5115681233933163,-1.0943708609271523,-0.7413024085637824,67.99336650082918,147.7799227799228,-26.444223107569723,-0.076,0.737
1.3555555555555556,-1.5115681233933163,-1.0943708609271523,-0.7421944692239072,67.99336650082918,147.7799227799228,-26.444223107569723,-0.076,0.736
1.3583333333333334,-1.5115681233933163,-1.0943708609271523,-0.7421944692239072,67.99336650082918,147.7799227799228,-26.444223107569723,-0.076,0.734
1.3611111111111112,-1.5115681233933163,-1.0943708609271523,-0.7413024085637824,67.99336650082918,147.7799227799228,-26.444223107569723,-0.076,0.733
1.363888888888889,-1.5115681233933163,-1.0943708609271523,-0.7413024085637824,68.07628524046434,147.7799227799228,-26.444223107569723,-0.076,0.732
1.3666666666666667,-1.5115681233933163,-1.0943708609271523,-0.7413024085637824,67.99336650082918,147.7799227799228,-26.444223107569723,-0.076,0.731
1.3694444444444445,-1.5115681233933163,-1.0943708609271523,-0.7421944692239072,67.99336650082918,147.7799227799228,-26.444223107569723,-0.077,0.731
1.3722222222222222,-1.5107112253641817,-1.093543046357616,-0.7413024085637824,68.07628524046434,147.7799227799228,-26.444223107569723,-0.076,0.731
1.375,-1.5107112253641817,-1.093543046357616,-0.7413024085637824,68.07628524046434,147.7799227799228,-26.444223107569723,-0.075,0.731
1.3777777777777778,-1.5107112253641817,-1.093543046357616,-0.7413024085637824,68.07628524046434,147.7799227799228,-26.444223107569723,-0.075,0.731
1.3805555555555555,-1.509854327335047,-1.0943708609271523,-0.7413024085637824,68.07628524046434,147.7799227799228,-26.444223107569723,-0.075,0.732
1.3833333333333333,-1.509854327335047,-1.0943708609271523,-0.7413024085637824,68.07628524046434,147.7799227799228,-26.444223107569723,-0.075,0.734
1.386111111111111,-1.509854327335047,-1.093543046357616,-0.7413024085637824,67.99336650082918,147.7799227799228,-26.444223107569723,-0.075,0.735
1.3888888888888888,-1.5107112253641817,-1.0943708609271523,-0.7413024085637824,67.99336650082918,147.7799227799228,-26.444223107569723,-0.075,0.736
1.3916666666666666,-1.5107112253641817,-1.0943708609271523,-0.7413024085637824,67.99336650082918,147.7799227799228,-26.444223107569723,-0.075,0.737
1.3944444444444444,-1.509854327335047,-1.0943708609271523,-0.7413024085637824,68.07628524046434,147.7799227799228,-26.444223107569723,-0.075,0.737
1.3972222222222221,-1.509854327335047,-1.093543046357616,-0.7413024085637824,68.07628524046434,147.7799227799228,-26.444223107569723,-0.075,0.738
1.4,-1.5107112253641817,-1.093543046357616,-0.7413024085637824,68.07628524046434,147.7799227799228,-26.444223107569723,-0.074,0.739
1.4027777777777777,-1.5107112253641817,-1.093543046357616,-0.7413024085637824,68.07628524046434,147.7799227799228,-26.444223107569723,-0.073,0.739
1.4055555555555554,-1.5107112253641817,-1.0943708609271523,-0.7413024085637824,68.07628524046434,147.7799227799228,-26.444223107569723,-0.073,0.738
1.4083333333333334,-1.5107112253641817,-1.0943708609271523,-0.7413024085637824,67.99336650082918,147.7799227799228,-26.444223107569723,-0.074,0.738
1.4111111111111112,-1.5115681233933163,-1.0951986754966887,-0.7421944692239072,67.99336650082918,147.7799227799228,-26.444223107569723,-0.074,0.737
1.413888888888889,-1.5115681233933163,-1.0943708609271523,-0.7421944692239072,67.99336650082918,147.7799227799228,-26.444223107569723,-0.073,0.736
1.4166666666666667,-1.5115681233933163,-1.0943708609271523,-0.7413024085637824,67.99336650082918,147.7799227799228,-26.444223107569723,-0.072,0.735
1.4194444444444445,-1.5115681233933163,-1.0943708609271523,-0.7413024085637824,67.99336650082918,147.7799227799228,-26.444223107569723,-0.073,0.733
1.4222222222222223,-1.5107112253641817,-1.0943708609271523,-0.7413024085637824,67.99336650082918,147.7799227799228,-26.444223107569723,-0.073,0.732
1.425,-1.5115681233933163,-1.0943708609271523,-0.7421944692239072,67.99336650082918,147.7799227799228,-26.444223107569723,-0.072,0.73
1.4277777777777778,-1.5115681233933163,-1.0943708609271523,-0.7421944692239072,67.99336650082918,147.7799227799228,-26.444223107569723,-0.071,0.729
1.4305555555555556,-1.5115681233933163,-1.0943708609271523,-0.7421944692239072,67.99336650082918,147.7799227799228,-26.444223107569723,-0.071,0.728
1.4333333333333333,-1.5115681233933163,-1.0943708609271523,-0.7413024085637824,67.99336650082918,147.7799227799228,-26.444223107569723,-0.07,0.728
1.4361111111111111,-1.5107112253641817,-1.0943708609271523,-0.7413024085637824,67.99336650082918,147.7799227799228,-26.444223107569723,-0.069,0.727
1.4388888888888889,-1.5107112253641817,-1.093543046357616,-0.7413024085637824,67.99336650082918,147.7799227799228,-26.444223107569723,-0.068,0.728
1.4416666666666667,-1.5107112253641817,-1.0943708609271523,-0.7413024085637824,67.99336650082918,147.7799227799228,-26.444223107569723,-0.068,0.729
1.4444444444444444,-1.5107112253641817,-1.0943708609271523,-0.7413024085637824,68.07628524046434,147.7799227799228,-26.444223107569723,-0.067,0.73
1.4472222222222222,-1.5107112253641817,-1.0943708609271523,-0.7413024085637824,68.07628524046434,147.7799227799228,-26.444223107569723,-0.067,0.73
1.45,-1.509854327335047,-1.0943708609271523,-0.7413024085637824,67.99336650082918,147.7799227799228,-26.444223107569723,-0.067,0.732
1.4527777777777777,-1.5107112253641817,-1.0943708609271523,-0.7413024085637824,67.99336650082918,147.7799227799228,-26.444223107569723,-0.067,0.733
1.4555555555555555,-1.5107112253641817,-1.0943708609271523,-0.7413024085637824,67.99336650082918,147.7799227799228,-26.444223107569723,-0.066,0.734
1.4583333333333333,-1.509854327335047,-1.0943708609271523,-0.7413024085637824,67.99336650082918,147.7799227799228,-26.444223107569723,-0.065,0.735
1.461111111111111,-1.5107112253641817,-1.0943708609271523,-0.7413024085637824,67.99336650082918,147.7799227799228,-26.444223107569723,-0.065,0.737
1.4638888888888888,-1.5107112253641817,-1.0943708609271523,-0.7413024085637824,67.99336650082918,147.7799227799228,-26.444223107569723,-0.065,0.738
1.4666666666666666,-1.5107112253641817,-1.0943708609271523,-0.7413024085637824,67.99336650082918,147.7799227799228,-26.444223107569723,-0.065,0.738
1.4694444444444446,-1.5107112253641817,-1.0943708609271523,-0.7413024085637824,68.07628524046434,147.7799227799228,-26.444223107569723,-0.063,0.739
1.4722222222222223,-1.5107112253641817,-1.0943708609271523,-0.7413024085637824,68.07628524046434,147.7799227799228,-26.444223107569723,-0.062,0.739
1.475,-1.5107112253641817,-1.0943708609271523,-0.7413024085637824,67.99336650082918,147.7799227799228,-26.444223107569723,-0.063,0.74
1.4777777777777779,-1.5115681233933163,-1.0943708609271523,-0.7413024085637824,67.91044776119402,147.7799227799228,-26.444223107569723,-0.063,0.739
1.4805555555555556,-1.5115681233933163,-1.0943708609271523,-0.7421944692239072,67.91044776119402,147.7799227799228,-26.444223107569723,-0.063,0.738
1.4833333333333334,-1.5115681233933163,-1.0943708609271523,-0.7421944692239072,67.91044776119402,147.7799227799228,-26.444223107569723,-0.063,0.736
1.4861111111111112,-1.5115681233933163,-1.0943708609271523,-0.7413024085637824,67.99336650082918,147.7799227799228,-26.444223107569723,-0.062,0.735
1.488888888888889,-1.5115681233933163,-1.0943708609271523,-0.7413024085637824,67.99336650082918,147.7799227799228,-26.444223107569723,-0.061,0.734
1.4916666666666667,-1.5115681233933163,-1.0943708609271523,-0.7413024085637824,68.07628524046434,147.7799227799228,-26.444223107569723,-0.06,0.733
1.4944444444444445,-1.5115681233933163,-1.0943708609271523,-0.7413024085637824,68.07628524046434,147.7799227799228,-26.444223107569723,-0.06,0.732
1.4972222222222222,-1.5115681233933163,-1.0943708609271523,-0.7413024085637824,67.99336650082918,147.7799227799228,-26.444223107569723,-0.06,0.731
1.5,-1.5107112253641817,-1.0943708609271523,-0.7413024085637824,67.91044776119402,147.7799227799228,-26.444223107569723,-0.061,0.731
1.5027777777777778,-1.5115681233933163,-1.0943708609271523,-0.7421944692239072,67.91044776119402,147.7799227799228,-26.444223107569723,-0.062,0.731
1.5055555555555555,-1.5115681233933163,-1.0943708609271523,-0.7421944692239072,67.91044776119402,147.7799227799228,-26.444223107569723,-0.062,0.73
1.5083333333333333,-1.5115681233933163,-1.0943708609271523,-0.7421944692239072,67.91044776119402,147.7799227799228,-26.444223107569723,-0.061,0.731
1.511111111111111,-1.5107112253641817,-1.0951986754966887,-0.7413024085637824,67.99336650082918,147.7799227799228,-26.444223107569723,-0.06,0.732
1.5138888888888888,-1.5107112253641817,-1.0943708609271523,-0.7413024085637824,67.99336650082918,147.7799227799228,-26.444223107569723,-0.059,0.733
1.5166666666666666,-1.5107112253641817,-1.0943708609271523,-0.7413024085637824,67.99336650082918,147.7799227799228,-26.444223107569723,-0.059,0.734
1.5194444444444444,-1.5107112253641817,-1.093543046357616,-0.7413024085637824,67.99336650082918,147.7799227799228,-26.444223107569723,-0.059,0.735
1.5222222222222221,-1.5107112253641817,-1.0943708609271523,-0.7413024085637824,67.99336650082918,147.7799227799228,-26.444223107569723,-0.059,0.736
1.525,-1.5107112253641817,-1.0943708609271523,-0.7421944692239072,67.91044776119402,147.7799227799228,-26.444223107569723,-0.06,0.737
1.5277777777777777,-1.5107112253641817,-1.0951986754966887,-0.7421944692239072,67.91044776119402,147.7799227799228,-26.444223107569723,-0.061,0.739
1.5305555555555554,-1.5107112253641817,-1.0951986754966887,-0.7421944692239072,67.91044776119402,147.7799227799228,-26.444223107569723,-0.06,0.739
1.5333333333333334,-1.5107112253641817,-1.0951986754966887,-0.7421944692239072,67.91044776119402,147.7799227799228,-26.444223107569723,-0.06,0.739
1.5361111111111112,-1.5107112253641817,-1.0943708609271523,-0.7413024085637824,67.99336650082918,147.7799227799228,-26.444223107569723,-0.06,0.739
1.538888888888889,-1.5107112253641817,-1.0943708609271523,-0.7413024085637824,67.99336650082918,147.7799227799228,-26.444223107569723,-0.059,0.739
1.5416666666666667,-1.5107112253641817,-1.0943708609271523,-0.7421944692239072,67.91044776119402,147.7799227799228,-26.444223107569723,-0.06,0.738
1.5444444444444445,-1.5115681233933163,-1.0943708609271523,-0.7421944692239072,67.91044776119402,147.7799227799228,-26.444223107569723,-0.06,0.737
1.5472222222222223,-1.5124250214224508,-1.0943708609271523,-0.7421944692239072,67.91044776119402,147.7799227799228,-26.444223107569723,-0.06,0.736
1.55,-1.5124250214224508,-1.0943708609271523,-0.7421944692239072,67.91044776119402,147.7799227799228,-26.444223107569723,-0.061,0.734
1.5527777777777778,-1.5115681233933163,-1.0943708609271523,-0.7421944692239072,67.91044776119402,147.7799227799228,-26.444223107569723,-0.061,0.733
1.5555555555555556,-1.5115681233933163,-1.0943708609271523,-0.7421944692239072,67.91044776119402,147.7799227799228,-26.444223107569723,-0.061,0.732
1.5583333333333333,-1.5115681233933163,-1.0943708609271523,-0.7421944692239072,67.91044776119402,147.7799227799228,-26.444223107569723,-0.06,0.73
1.5611111111111111,-1.5115681233933163,-1.0943708609271523,-0.7421944692239072,67.91044776119402,147.7799227799228,-26.444223107569723,-0.061,0.729
1.5638888888888889,-1.5115681233933163,-1.0951986754966887,-0.7421944692239072,67.82752902155887,147.7799227799228,-26.444223107569723,-0.061,0.728
1.5666666666666667,-1.5115681233933163,-1.0951986754966887,-0.7421944692239072,67.82752902155887,147.7799227799228,-26.444223107569723,-0.062,0.728
1.5694444444444444,-1.5115681233933163,-1.0943708609271523,-0.7421944692239072,67.91044776119402,147.7799227799228,-26.444223107569723,-0.061,0.728
1.5722222222222222,-1.5115681233933163,-1.0943708609271523,-0.7421944692239072,67.91044776119402,147.7799227799228,-26.444223107569723,-0.061,0.728
1.575,-1.5115681233933163,-1.0943708609271523,-0.7421944692239072,67.91044776119402,147.7799227799228,-26.444223107569723,-0.062,0.728
1.5777777777777777,-1.5107112253641817,-1.0951986754966887,-0.7421944692239072,67.91044776119402,147.7799227799228,-26.444223107569723,-0.061,0.728
1.5805555555555555,-1.5107112253641817,-1.0943708609271523,-0.7413024085637824,67.99336650082918,147.7799227799228,-26.444223107569723,-0.061,0.729
1.5833333333333333,-1.5107112253641817,-1.0943708609271523,-0.7413024085637824,67.91044776119402,147.7799227799228,-26.444223107569723,-0.062,0.731
1.586111111111111,-1.5107112253641817,-1.0943708609271523,-0.7421944692239072,67.82752902155887,147.7799227799228,-26.444223107569723,-0.062,0.732
1.5888888888888888,-1.5107112253641817,-1.0951986754966887,-0.7421944692239072,67.91044776119402,147.7799227799228,-26.444223107569723,-0.062,0.733
1.5916666666666666,-1.5107112253641817,-1.0951986754966887,-0.7421944692239072,67.91044776119402,147.7799227799228,-26.444223107569723,-0.062,0.734
1.5944444444444446,-1.5115681233933163,-1.0951986754966887,-0.7421944692239072,67.82752902155887,147.7799227799228,-26.444223107569723,-0.063,0.735
1.5972222222222223,-1.5115681233933163,-1.0951986754966887,-0.7421944692239072,67.74461028192371,147.7799227799228,-26.444223107569723,-0.064,0.735
1.6,-1.5115681233933163,-1.0943708609271523,-0.7421944692239072,67.91044776119402,147.7799227799228,-26.444223107569723,-0.062,0.735
1.6027777777777779,-1.5115681233933163,-1.0943708609271523,-0.7413024085637824,67.99336650082918,147.7799227799228,-26.444223107569723,-0.061,0.735
1.6055555555555556,-1.5107112253641817,-1.0943708609271523,-0.7413024085637824,67.99336650082918,147.7799227799228,-26.444223107569723,-0.061,0.735
1.6083333333333334,-1.5115681233933163,-1.0943708609271523,-0.7421944692239072,67.91044776119402,147.7799227799228,-26.444223107569723,-0.062,0.734
1.6111111111111112,-1.5115681233933163,-1.0951986754966887,-0.7421944692239072,67.82752902155887,147.7799227799228,-26.444223107569723,-0.063,0.733
1.613888888888889,-1.5115681233933163,-1.0951986754966887,-0.7421944692239072,67.82752902155887,147.7799227799228,-26.444223107569723,-0.063,0.732
1.6166666666666667,-1.5124250214224508,-1.0951986754966887,-0.7421944692239072,67.82752902155887,147.7799227799228,-26.444223107569723,-0.063,0.73
1.6194444444444445,-1.5124250214224508,-1.0943708609271523,-0.7421944692239072,67.91044776119402,147.7799227799228,-26.444223107569723,-0.062,0.729
1.6222222222222222,-1.5124250214224508,-1.0943708609271523,-0.7421944692239072,67.91044776119402,147.7799227799228,-26.444223107569723,-0.062,0.727
1.625,-1.5115681233933163,-1.0943708609271523,-0.7413024085637824,67.91044776119402,147.7799227799228,-26.444223107569723,-0.061,0.726
1.6277777777777778,-1.5115681233933163,-1.0943708609271523,-0.7413024085637824,67.99336650082918,147.7799227799228,-26.444223107569723,-0.061,0.726
1.6305555555555555,-1.5115681233933163,-1.0943708609271523,-0.7413024085637824,67.99336650082918,147.7799227799228,-26.444223107569723,-0.061,0.726
1.6333333333333333,-1.5115681233933163,-1.0943708609271523,-0.7421944692239072,67.91044776119402,147.7799227799228,-26.444223107569723,-0.062,0.726
1.636111111111111,-1.5115681233933163,-1.0943708609271523,-0.7421944692239072,67.82752902155887,147.7799227799228,-26.444223107569723,-0.063,0.726
1.6388888888888888,-1.5115681233933163,-1.0951986754966887,-0.7421944692239072,67.82752902155887,147.7799227799228,-26.444223107569723,-0.063,0.727
1.6416666666666666,-1.5115681233933163,-1.0943708609271523,-0.7421944692239072,67.91044776119402,147.7799227799228,-26.444223107569723,-0.062,0.728
1.6444444444444444,-1.5107112253641817,-1.0943708609271523,-0.7421944692239072,67.91044776119402,147.7799227799228,-26.444223107569723,-0.061,0.729
1.6472222222222221,-1.5107112253641817,-1.0943708609271523,-0.7413024085637824,67.91044776119402,147.7799227799228,-26.444223107569723,-0.061,0.731
1.65,-1.5107112253641817,-1.0943708609271523,-0.7413024085637824,67.91044776119402,147.7799227799228,-26.444223107569723,-0.061,0.733
1.6527777777777777,-1.5107112253641817,-1.0943708609271523,-0.7413024085637824,67.91044776119402,147.7799227799228,-26.444223107569723,-0.061,0.735
1.6555555555555554,-1.5107112253641817,-1.0943708609271523,-0.7421944692239072,67.91044776119402,147.7799227799228,-26.444223107569723,-0.061,0.736
1.6583333333333334,-1.5107112253641817,-1.0943708609271523,-0.7421944692239072,67.82752902155887,147.7799227799228,-26.444223107569723,-0.061,0.737
1.6611111111111112,-1.5107112253641817,-1.0951986754966887,-0.7421944692239072,67.82752902155887,147.7799227799228,-26.444223107569723,-0.062,0.739
1.663888888888889,-1.5107112253641817,-1.0943708609271523,-0.7421944692239072,67.91044776119402,147.7799227799228,-26.444223107569723,-0.062,0.74
1.6666666666666667,-1.5107112253641817,-1.0943708609271523,-0.7421944692239072,67.91044776119402,147.7799227799228,-26.444223107569723,-0.061,0.74
1.6694444444444445,-1.5107112253641817,-1.0943708609271523,-0.7413024085637824,67.91044776119402,147.7799227799228,-26.444223107569723,-0.061,0.74
1.6722222222222223,-1.5107112253641817,-1.0943708609271523,-0.7413024085637824,67.91044776119402,147.7799227799228,-26.444223107569723,-0.062,0.74
1.675,-1.5107112253641817,-1.0943708609271523,-0.7421944692239072,67.99336650082918,147.7799227799228,-26.444223107569723,-0.062,0.74
1.6777777777777778,-1.5115681233933163,-1.0943708609271523,-0.7421944692239072,67.99336650082918,147.7799227799228,-26.444223107569723,-0.061,0.739
1.6805555555555556,-1.5115681233933163,-1.0943708609271523,-0.7421944692239072,67.99336650082918,147.7799227799228,-26.444223107569723,-0.062,0.738
1.6833333333333333,-1.5115681233933163,-1.0943708609271523,-0.7413024085637824,67.99336650082918,147.7799227799228,-26.444223107569723,-0.062,0.737
1.6861111111111111,-1.5115681233933163,-1.0943708609271523,-0.7421944692239072,67.91044776119402,147.7799227799228,-26.444223107569723,-0.063,0.735
1.6888888888888889,-1.5115681233933163,-1.0943708609271523,-0.7421944692239072,67.91044776119402,147.7799227799228,-26.444223107569723,-0.063,0.734
1.6916666666666667,-1.5115681233933163,-1.0943708609271523,-0.7421944692239072,67.99336650082918,147.7799227799228,-26.444223107569723,-0.062,0.733
1.6944444444444444,-1.5115681233933163,-1.0943708609271523,-0.7421944692239072,67.99336650082918,147.7799227799228,-26.444223107569723,-0.062,0.733
1.6972222222222222,-1.5115681233933163,-1.0943708609271523,-0.7413024085637824,67.99336650082918,147.7799227799228,-26.444223107569723,-0.062,0.732
1.7,-1.5115681233933163,-1.0943708609271523,-0.7413024085637824,67.99336650082918,147.7799227799228,-26.444223107569723,-0.063,0.732
1.7027777777777777,-1.5107112253641817,-1.0943708609271523,-0.7421944692239072,67.91044776119402,147.7799227799228,-26.444223107569723,-0.064,0.732
1.7055555555555555,-1.5107112253641817,-1.0943708609271523,-0.7421944692239072,67.91044776119402,147.7799227799228,-26.444223107569723,-0.064,0.733
1.7083333333333333,-1.5115681233933163,-1.0943708609271523,-0.7413024085637824,67.99336650082918,147.7799227799228,-26.444223107569723,-0.063,0.733
1.711111111111111,-1.5107112253641817,-1.0943708609271523,-0.7413024085637824,67.99336650082918,147.7799227799228,-26.444223107569723,-0.063,0.735
1.7138888888888888,-1.5107112253641817,-1.0943708609271523,-0.7413024085637824,67.99336650082918,147.7799227799228,-26.444223107569723,-0.063,0.736
1.7166666666666666,-1.5107112253641817,-1.0943708609271523,-0.7421944692239072,67.91044776119402,147.7799227799228,-26.444223107569723,-0.063,0.737
1.7194444444444446,-1.5107112253641817,-1.0943708609271523,-0.7413024085637824,67.91044776119402,147.7799227799228,-26.444223107569723,-0.063,0.739
1.7222222222222223,-1.5107112253641817,-1.0943708609271523,-0.7413024085637824,67.99336650082918,147.7799227799228,-26.444223107569723,-0.063,0.74
1.725,-1.5107112253641817,-1.0943708609271523,-0.7421944692239072,67.91044776119402,147.7799227799228,-26.444223107569723,-0.064,0.741
1.7277777777777779,-1.5107112253641817,-1.0943708609271523,-0.7421944692239072,67.91044776119402,147.7799227799228,-26.444223107569723,-0.064,0.741
1.7305555555555556,-1.5107112253641817,-1.0943708609271523,-0.7421944692239072,67.91044776119402,147.7799227799228,-26.444223107569723,-0.063,0.742
1.7333333333333334,-1.5107112253641817,-1.0943708609271523,-0.7413024085637824,67.99336650082918,147.7799227799228,-26.444223107569723,-0.062,0.742
1.7361111111111112,-1.5107112253641817,-1.093543046357616,-0.7413024085637824,67.99336650082918,147.7799227799228,-26.444223107569723,-0.062,0.742
1.738888888888889,-1.5107112253641817,-1.0943708609271523,-0.7413024085637824,67.99336650082918,147.7799227799228,-26.444223107569723,-0.063,0.742
1.7416666666666667,-1.5107112253641817,-1.0943708609271523,-0.7421944692239072,67.91044776119402,147.7799227799228,-26.444223107569723,-0.063,0.741
1.7444444444444445,-1.5115681233933163,-1.0943708609271523,-0.7421944692239072,67.91044776119402,147.7799227799228,-26.444223107569723,-0.063,0.74
1.7472222222222222,-1.5115681233933163,-1.0943708609271523,-0.7421944692239072,67.91044776119402,147.7799227799228,-26.444223107569723,-0.063,0.739
1.75,-1.5124250214224508,-1.0943708609271523,-0.7413024085637824,67.91044776119402,147.7799227799228,-26.444223107569723,-0.063,0.738
1.7527777777777778,-1.5115681233933163,-1.0943708609271523,-0.7413024085637824,67.99336650082918,147.7799227799228,-26.444223107569723,-0.062,0.736
1.7555555555555555,-1.5115681233933163,-1.093543046357616,-0.7413024085637824,67.99336650082918,147.7799227799228,-26.444223107569723,-0.061,0.735
1.7583333333333333,-1.5115681233933163,-1.093543046357616,-0.7413024085637824,67.99336650082918,147.7799227799228,-26.444223107569723,-0.062,0.734
1.761111111111111,-1.5115681233933163,-1.0943708609271523,-0.7413024085637824,67.91044776119402,147.7799227799228,-26.444223107569723,-0.063,0.733
1.7638888888888888,-1.5115681233933163,-1.0943708609271523,-0.7413024085637824,67.91044776119402,147.7799227799228,-26.444223107569723,-0.064,0.732
1.7666666666666666,-1.5115681233933163,-1.0943708609271523,-0.7421944692239072,67.91044776119402,147.7799227799228,-26.444223107569723,-0.063,0.732
1.7694444444444444,-1.5107112253641817,-1.0943708609271523,-0.7421944692239072,67.99336650082918,147.7799227799228,-26.444223107569723,-0.063,0.733
1.7722222222222221,-1.5107112253641817,-1.0943708609271523,-0.7413024085637824,67.99336650082918,147.7799227799228,-26.444223107569723,-0.063,0.733
1.775,-1.5107112253641817,-1.0943708609271523,-0.7413024085637824,67.99336650082918,147.7799227799228,-26.444223107569723,-0.063,0.734
1.7777777777777777,-1.5107112253641817,-1.0943708609271523,-0.7413024085637824,67.99336650082918,147.7799227799228,-26.444223107569723,-0.062,0.735
1.7805555555555554,-1.5107112253641817,-1.0943708609271523,-0.7413024085637824,67.99336650082918,147.7799227799228,-26.444223107569723,-0.063,0.736
1.7833333333333334,-1.5107112253641817,-1.0943708609271523,-0.7413024085637824,67.99336650082918,147.7799227799228,-26.444223107569723,-0.063,0.738
1.7861111111111112,-1.5107112253641817,-1.0943708609271523,-0.7413024085637824,67.99336650082918,147.7799227799228,-26.444223107569723,-0.063,0.739
1.788888888888889,-1.5107112253641817,-1.0943708609271523,-0.7413024085637824,67.91044776119402,147.7799227799228,-26.444223107569723,-0.064,0.74
1.7916666666666667,-1.5107112253641817,-1.0943708609271523,-0.7421944692239072,67.91044776119402,147.7799227799228,-26.444223107569723,-0.064,0.74
1.7944444444444445,-1.5107112253641817,-1.0943708609271523,-0.7413024085637824,67.91044776119402,147.7799227799228,-26.444223107569723,-0.064,0.741
1.7972222222222223,-1.5107112253641817,-1.0943708609271523,-0.7413024085637824,67.99336650082918,147.7799227799228,-26.444223107569723,-0.063,0.742
1.8,-1.5107112253641817,-1.0943708609271523,-0.7413024085637824,67.99336650082918,147.7799227799228,-26.444223107569723,-0.063,0.742
1.8027777777777778,-1.5107112253641817,-1.0943708609271523,-0.7413024085637824,67.99336650082918,147.7799227799228,-26.444223107569723,-0.064,0.742
1.8055555555555556,-1.5107112253641817,-1.0943708609271523,-0.7413024085637824,67.99336650082918,147.7799227799228,-26.444223107569723,-0.063,0.742
1.8083333333333333,-1.5115681233933163,-1.0943708609271523,-0.7413024085637824,67.99336650082918,147.7799227799228,-26.444223107569723,-0.062,0.741
1.8111111111111111,-1.5115681233933163,-1.093543046357616,-0.7413024085637824,67.99336650082918,147.7799227799228,-26.444223107569723,-0.063,0.74
1.8138888888888889,-1.5115681233933163,-1.0943708609271523,-0.7421944692239072,67.91044776119402,147.7799227799228,-26.444223107569723,-0.065,0.738
1.8166666666666667,-1.5115681233933163,-1.0943708609271523,-0.7421944692239072,67.91044776119402,147.7799227799228,-26.444223107569723,-0.065,0.737
1.8194444444444444,-1.5115681233933163,-1.0943708609271523,-0.7421944692239072,67.91044776119402,147.7799227799228,-26.444223107569723,-0.065,0.735
1.8222222222222222,-1.5115681233933163,-1.0943708609271523,-0.7413024085637824,67.99336650082918,147.7799227799228,-26.444223107569723,-0.064,0.733
1.825,-1.5115681233933163,-1.0943708609271523,-0.7413024085637824,67.99336650082918,147.7799227799228,-26.444223107569723,-0.064,0.733
1.8277777777777777,-1.5115681233933163,-1.0943708609271523,-0.7413024085637824,67.99336650082918,147.7799227799228,-26.444223107569723,-0.064,0.732
1.8305555555555555,-1.5107112253641817,-1.0943708609271523,-0.7413024085637824,67.99336650082918,147.7799227799228,-26.444223107569723,-0.065,0.732
1.8333333333333333,-1.5107112253641817,-1.0943708609271523,-0.7413024085637824,67.91044776119402,147.7799227799228,-26.444223107569723,-0.066,0.732
1.836111111111111,-1.5115681233933163,-1.0943708609271523,-0.7421944692239072,67.91044776119402,147.7799227799228,-26.444223107569723,-0.065,0.732
1.8388888888888888,-1.5107112253641817,-1.0943708609271523,-0.7413024085637824,67.99336650082918,147.7799227799228,-26.444223107569723,-0.064,0.732
1.8416666666666666,-1.5107112253641817,-1.0943708609271523,-0.7413024085637824,68.07628524046434,147.7799227799228,-26.444223107569723,-0.064,0.733
1.8444444444444446,-1.509854327335047,-1.0943708609271523,-0.7413024085637824,67.99336650082918,147.7799227799228,-26.444223107569723,-0.065,0.734
1.8472222222222223,-1.509854327335047,-1.0943708609271523,-0.7413024085637824,67.91044776119402,147.7799227799228,-26.444223107569723,-0.066,0.735
1.85,-1.5107112253641817,-1.0943708609271523,-0.7413024085637824,67.91044776119402,147.7799227799228,-26.444223107569723,-0.066,0.737
1.8527777777777779,-1.5107112253641817,-1.0943708609271523,-0.7413024085637824,67.99336650082918,147.7799227799228,-26.444223107569723,-0.065,0.738
1.8555555555555556,-1.5107112253641817,-1.0943708609271523,-0.7413024085637824,67.99336650082918,147.7799227799228,-26.444223107569723,-0.066,0.739
1.8583333333333334,-1.5107112253641817,-1.0943708609271523,-0.7413024085637824,67.91044776119402,147.7799227799228,-26.444223107569723,-0.067,0.739
1.8611111111111112,-1.5107112253641817,-1.0943708609271523,-0.7413024085637824,67.91044776119402,147.7799227799228,-26.444223107569723,-0.067,0.74
1.863888888888889,-1.5107112253641817,-1.0943708609271523,-0.7413024085637824,67.99336650082918,147.7799227799228,-26.444223107569723,-0.067,0.741
1.8666666666666667,-1.509854327335047,-1.0943708609271523,-0.7404103479036575,68.07628524046434,147.7799227799228,-26.444223107569723,-0.066,0.74
1.8694444444444445,-1.5107112253641817,-1.093543046357616,-0.7404103479036575,68.07628524046434,147.7799227799228,-26.444223107569723,-0.067,0.74
1.8722222222222222,-1.5107112253641817,-1.0943708609271523,-0.7413024085637824,67.99336650082918,147.7799227799228,-26.444223107569723,-0.068,0.739
1.875,-1.5115681233933163,-1.0943708609271523,-0.7421944692239072,67.91044776119402,147.7799227799228,-26.444223107569723,-0.068,0.739
1.8777777777777778,-1.5115681233933163,-1.0943708609271523,-0.7421944692239072,67.99336650082918,147.7799227799228,-26.444223107569723,-0.068,0.738
1.8805555555555555,-1.5115681233933163,-1.0943708609271523,-0.7413024085637824,67.99336650082918,147.7799227799228,-26.444223107569723,-0.069,0.736
1.8833333333333333,-1.5115681233933163,-1.0943708609271523,-0.7413024085637824,67.99336650082918,147.7799227799228,-26.444223107569723,-0.07,0.735
1.886111111111111,-1.5115681233933163,-1.0943708609271523,-0.7413024085637824,67.99336650082918,147.7799227799228,-26.444223107569723,-0.07,0.734
1.8888888888888888,-1.5115681233933163,-1.093543046357616,-0.7413024085637824,67.99336650082918,147.7799227799228,-26.444223107569723,-0.069,0.732
1.8916666666666666,-1.5115681233933163,-1.093543046357616,-0.7413024085637824,68.07628524046434,147.7799227799228,-26.444223107569723,-0.07,0.731
1.8944444444444444,-1.5115681233933163,-1.0943708609271523,-0.7413024085637824,67.99336650082918,147.7799227799228,-26.444223107569723,-0.071,0.731
1.8972222222222221,-1.5107112253641817,-1.0943708609271523,-0.7413024085637824,67.99336650082918,147.7799227799228,-26.444223107569723,-0.071,0.731
1.9,-1.5107112253641817,-1.093543046357616,-0.7413024085637824,67.99336650082918,147.7799227799228,-26.444223107569723,-0.072,0.73
1.9027777777777777,-1.5107112253641817,-1.093543046357616,-0.7413024085637824,67.99336650082918,147.7799227799228,-26.444223107569723,-0.072,0.73
1.9055555555555554,-1.5107112253641817,-1.0943708609271523,-0.7413024085637824,67.99336650082918,147.7799227799228,-26.444223107569723,-0.072,0.73
1.9083333333333334,-1.5107112253641817,-1.0943708609271523,-0.7413024085637824,68.07628524046434,147.7799227799228,-26.444223107569723,-0.072,0.731
1.9111111111111112,-1.5107112253641817,-1.0943708609271523,-0.7413024085637824,68.07628524046434,147.7799227799228,-26.444223107569723,-0.072,0.733
1.913888888888889,-1.5107112253641817,-1.0943708609271523,-0.7413024085637824,67.99336650082918,147.7799227799228,-26.444223107569723,-0.073,0.734
1.9166666666666667,-1.5107112253641817,-1.0943708609271523,-0.7421944692239072,67.99336650082918,147.7799227799228,-26.444223107569723,-0.074,0.735
1.9194444444444445,-1.509854327335047,-1.0943708609271523,-0.7421944692239072,67.99336650082918,147.7799227799228,-26.444223107569723,-0.074,0.736
1.9222222222222223,-1.5107112253641817,-1.0943708609271523,-0.7413024085637824,67.99336650082918,147.7799227799228,-26.444223107569723,-0.074,0.737
1.925,-1.5107112253641817,-1.0943708609271523,-0.7413024085637824,67.99336650082918,147.7799227799228,-26.444223107569723,-0.074,0.739
1.9277777777777778,-1.5107112253641817,-1.0943708609271523,-0.7413024085637824,67.99336650082918,147.7799227799228,-26.444223107569723,-0.074,0.74
1.9305555555555556,-1.5107112253641817,-1.0943708609271523,-0.7413024085637824,68.07628524046434,147.7799227799228,-26.444223107569723,-0.074,0.74
1.9333333333333333,-1.509854327335047,-1.0943708609271523,-0.7404103479036575,68.07628524046434,147.7799227799228,-26.444223107569723,-0.074,0.741
1.9361111111111111,-1.509854327335047,-1.0943708609271523,-0.7404103479036575,67.99336650082918,147.7799227799228,-26.444223107569723,-0.075,0.741
1.9388888888888889,-1.5107112253641817,-1.0943708609271523,-0.7413024085637824,67.99336650082918,147.7799227799228,-26.444223107569723,-0.075,0.74
1.9416666666666667,-1.5115681233933163,-1.0943708609271523,-0.7421944692239072,67.99336650082918,147.7799227799228,-26.444223107569723,-0.075,0.739
1.9444444444444444,-1.5115681233933163,-1.0943708609271523,-0.7421944692239072,67.99336650082918,147.7799227799228,-26.444223107569723,-0.075,0.738
1.9472222222222222,-1.5115681233933163,-1.0943708609271523,-0.7413024085637824,68.07628524046434,147.7799227799228,-26.444223107569723,-0.075,0.736
1.95,-1.5115681233933163,-1.0943708609271523,-0.7413024085637824,68.07628524046434,147.7799227799228,-26.444223107569723,-0.074,0.735
1.9527777777777777,-1.5107112253641817,-1.0943708609271523,-0.7413024085637824,68.07628524046434,147.7799227799228,-26.444223107569723,-0.074,0.733
1.9555555555555555,-1.5115681233933163,-1.0943708609271523,-0.7413024085637824,67.99336650082918,147.7799227799228,-26.444223107569723,-0.074,0.732
1.9583333333333333,-1.5115681233933163,-1.0943708609271523,-0.7421944692239072,67.99336650082918,147.7799227799228,-26.444223107569723,-0.074,0.731
1.961111111111111,-1.5115681233933163,-1.0943708609271523,-0.7421944692239072,67.99336650082918,147.7799227799228,-26.444223107569723,-0.073,0.73
1.9638888888888888,-1.5107112253641817,-1.0943708609271523,-0.7413024085637824,68.07628524046434,147.7799227799228,-26.444223107569723,-0.073,0.73
1.9666666666666666,-1.5107112253641817,-1.0943708609271523,-0.7413024085637824,68.07628524046434,147.7799227799228,-26.444223107569723,-0.073,0.729
1.9694444444444446,-1.5107112253641817,-1.0943708609271523,-0.7413024085637824,67.99336650082918,147.7799227799228,-26.444223107569723,-0.072,0.73
1.9722222222222223,-1.5107112253641817,-1.0943708609271523,-0.7413024085637824,68.07628524046434,147.7799227799228,-26.444223107569723,-0.071,0.73
1.975,-1.5107112253641817,-1.0943708609271523,-0.7413024085637824,68.07628524046434,147.7799227799228,-26.444223107569723,-0.071,0.731
1.9777777777777779,-1.5107112253641817,-1.0943708609271523,-0.7413024085637824,67.99336650082918,147.7799227799228,-26.444223107569723,-0.071,0.732
1.9805555555555556,-1.5107112253641817,-1.0943708609271523,-0.7421944692239072,67.99336650082918,147.7799227799228,-26.444223107569723,-0.071,0.733
1.9833333333333334,-1.5107112253641817,-1.0943708609271523,-0.7413024085637824,67.99336650082918,147.7799227799228,-26.444223107569723,-0.069,0.734
1.9861111111111112,-1.5107112253641817,-1.0943708609271523,-0.7413024085637824,68.07628524046434,147.7799227799228,-26.444223107569723,-0.068,0.736
1.988888888888889,-1.509854327335047,-1.0943708609271523,-0.7413024085637824,67.99336650082918,147.7799227799228,-26.444223107569723,-0.068,0.736
1.9916666666666667,-1.5107112253641817,-1.0951986754966887,-0.7413024085637824,67.91044776119402,147.7799227799228,-26.444223107569723,-0.068,0.737
1.9944444444444445,-1.5107112253641817,-1.0943708609271523,-0.7413024085637824,67.99336650082918,147.7799227799228,-26.444223107569723,-0.067,0.738
1.9972222222222222,-1.5107112253641817,-1.0943708609271523,-0.7413024085637824,68.07628524046434,147.7799227799228,-26.444223107569723,-0.065,0.738
2.0,-1.5107112253641817,-1.0943708609271523,-0.7413024085637824,68.07628524046434,147.7799227799228,-26.444223107569723,-0.065,0.739
2.0027777777777778,-1.5107112253641817,-1.0943708609271523,-0.7413024085637824,67.99336650082918,147.7799227799228,-26.444223107569723,-0.065,0.738
2.0055555555555555,-1.5115681233933163,-1.0951986754966887,-0.7421944692239072,67.91044776119402,147.7799227799228,-26.444223107569723,-0.065,0.738
2.0083333333333333,-1.5115681233933163,-1.0943708609271523,-0.7421944692239072,67.91044776119402,147.7799227799228,-26.444223107569723,-0.064,0.737
2.011111111111111,-1.5115681233933163,-1.0943708609271523,-0.7421944692239072,67.91044776119402,147.7799227799228,-26.444223107569723,-0.064,0.736
2.013888888888889,-1.5115681233933163,-1.0943708609271523,-0.7413024085637824,67.91044776119402,147.7799227799228,-26.444223107569723,-0.063,0.736
2.0166666666666666,-1.5115681233933163,-1.0943708609271523,-0.7413024085637824,67.99336650082918,147.7799227799228,-26.444223107569723,-0.062,0.735
2.0194444444444444,-1.5115681233933163,-1.0943708609271523,-0.7413024085637824,68.07628524046434,147.7799227799228,-26.444223107569723,-0.061,0.734
2.022222222222222,-1.5115681233933163,-1.0943708609271523,-0.7413024085637824,67.99336650082918,147.7799227799228,-26.444223107569723,-0.061,0.733
2.025,-1.5115681233933163,-1.0943708609271523,-0.7413024085637824,67.91044776119402,147.7799227799228,-26.444223107569723,-0.061,0.732
2.0277777777777777,-1.5115681233933163,-1.0943708609271523,-0.7413024085637824,67.91044776119402,147.7799227799228,-26.444223107569723,-0.06,0.732
2.0305555555555554,-1.5115681233933163,-1.0943708609271523,-0.7413024085637824,67.91044776119402,147.7799227799228,-26.444223107569723,-0.06,0.732
2.033333333333333,-1.5115681233933163,-1.0943708609271523,-0.7421944692239072,67.91044776119402,147.7799227799228,-26.444223107569723,-0.059,0.732
2.036111111111111,-1.5115681233933163,-1.0943708609271523,-0.7421944692239072,67.91044776119402,147.7799227799228,-26.444223107569723,-0.059,0.733
2.0388888888888888,-1.5107112253641817,-1.0951986754966887,-0.7413024085637824,67.91044776119402,147.7799227799228,-26.444223107569723,-0.058,0.733
2.0416666666666665,-1.5107112253641817,-1.0951986754966887,-0.7413024085637824,67.91044776119402,147.7799227799228,-26.444223107569723,-0.058,0.735
2.0444444444444443,-1.5107112253641817,-1.0943708609271523,-0.7413024085637824,67.91044776119402,147.7799227799228,-26.444223107569723,-0.057,0.736
2.047222222222222,-1.5107112253641817,-1.0943708609271523,-0.7413024085637824,67.99336650082918,147.7799227799228,-26.444223107569723,-0.056,0.738
2.05,-1.5107112253641817,-1.0943708609271523,-0.7421944692239072,67.99336650082918,147.7799227799228,-26.444223107569723,-0.056,0.739
2.0527777777777776,-1.5107112253641817,-1.0951986754966887,-0.7421944692239072,67.91044776119402,147.7799227799228,-26.444223107569723,-0.056,0.741
2.0555555555555554,-1.5107112253641817,-1.0951986754966887,-0.7421944692239072,67.91044776119402,147.7799227799228,-26.444223107569723,-0.056,0.742
2.058333333333333,-1.5115681233933163,-1.0951986754966887,-0.7421944692239072,67.91044776119402,147.7799227799228,-26.444223107569723,-0.056,0.743
2.061111111111111,-1.5115681233933163,-1.0951986754966887,-0.7421944692239072,67.91044776119402,147.7799227799228,-26.444223107569723,-0.055,0.744
2.063888888888889,-1.5107112253641817,-1.0951986754966887,-0.7421944692239072,67.91044776119402,147.7799227799228,-26.444223107569723,-0.055,0.744
2.066666666666667,-1.5115681233933163,-1.0951986754966887,-0.7413024085637824,67.91044776119402,147.7799227799228,-26.444223107569723,-0.054,0.744
2.0694444444444446,-1.5115681233933163,-1.0951986754966887,-0.7413024085637824,67.91044776119402,147.7799227799228,-26.444223107569723,-0.053,0.744
2.0722222222222224,-1.5115681233933163,-1.0943708609271523,-0.7421944692239072,67.91044776119402,147.7799227799228,-26.444223107569723,-0.053,0.743
2.075,-1.5115681233933163,-1.0951986754966887,-0.7421944692239072,67.82752902155887,147.7799227799228,-26.444223107569723,-0.053,0.742
2.077777777777778,-1.5124250214224508,-1.0951986754966887,-0.7421944692239072,67.82752902155887,147.7799227799228,-26.444223107569723,-0.053,0.741
2.0805555555555557,-1.5124250214224508,-1.0951986754966887,-0.7421944692239072,67.82752902155887,147.7799227799228,-26.444223107569723,-0.051,0.74
2.0833333333333335,-1.5124250214224508,-1.0951986754966887,-0.7421944692239072,67.82752902155887,147.7799227799228,-26.444223107569723,-0.051,0.739
2.0861111111111112,-1.5124250214224508,-1.0951986754966887,-0.7421944692239072,67.82752902155887,147.7799227799228,-26.444223107569723,-0.051,0.737
2.088888888888889,-1.5124250214224508,-1.0951986754966887,-0.7421944692239072,67.82752902155887,147.7799227799228,-26.444223107569723,-0.05,0.736
2.091666666666667,-1.5124250214224508,-1.0951986754966887,-0.7421944692239072,67.82752902155887,147.7799227799228,-26.444223107569723,-0.049,0.736
2.0944444444444446,-1.5124250214224508,-1.0951986754966887,-0.7421944692239072,67.82752902155887,147.7799227799228,-26.444223107569723,-0.048,0.735
2.0972222222222223,-1.5115681233933163,-1.0943708609271523,-0.7421944692239072,67.82752902155887,147.7799227799228,-26.444223107569723,-0.048,0.735
2.1,-1.5115681233933163,-1.0951986754966887,-0.7421944692239072,67.82752902155887,147.7799227799228,-26.444223107569723,-0.048,0.735
2.102777777777778,-1.5115681233933163,-1.0943708609271523,-0.7421944692239072,67.91044776119402,147.7799227799228,-26.444223107569723,-0.046,0.735
2.1055555555555556,-1.5115681233933163,-1.0943708609271523,-0.7413024085637824,67.99336650082918,147.7799227799228,-26.444223107569723,-0.044,0.735
2.1083333333333334,-1.5107112253641817,-1.0943708609271523,-0.7413024085637824,67.99336650082918,147.7799227799228,-26.444223107569723,-0.044,0.735
2.111111111111111,-1.5107112253641817,-1.0951986754966887,-0.7413024085637824,67.91044776119402,147.7799227799228,-26.444223107569723,-0.045,0.736
2.113888888888889,-1.5107112253641817,-1.0951986754966887,-0.7421944692239072,67.82752902155887,147.7799227799228,-26.444223107569723,-0.045,0.737
2.1166666666666667,-1.5107112253641817,-1.0951986754966887,-0.7421944692239072,67.82752902155887,147.7799227799228,-26.444223107569723,-0.044,0.738
2.1194444444444445,-1.5107112253641817,-1.0951986754966887,-0.7421944692239072,67.82752902155887,147.7799227799228,-26.444223107569723,-0.043,0.738
2.1222222222222222,-1.5115681233933163,-1.0951986754966887,-0.7421944692239072,67.82752902155887,147.7799227799228,-26.444223107569723,-0.043,0.739
2.125,-1.5115681233933163,-1.0951986754966887,-0.7421944692239072,67.91044776119402,147.7799227799228,-26.444223107569723,-0.041,0.74
2.1277777777777778,-1.5115681233933163,-1.0943708609271523,-0.7413024085637824,67.99336650082918,147.7799227799228,-26.444223107569723,-0.039,0.741
2.1305555555555555,-1.5107112253641817,-1.0943708609271523,-0.7404103479036575,67.99336650082918,147.7799227799228,-26.444223107569723,-0.038,0.74
2.1333333333333333,-1.5107112253641817,-1.0943708609271523,-0.7413024085637824,67.99336650082918,147.7799227799228,-26.444223107569723,-0.038,0.74
2.136111111111111,-1.5115681233933163,-1.0951986754966887,-0.7421944692239072,67.91044776119402,147.7799227799228,-26.444223107569723,-0.039,0.739
2.138888888888889,-1.5115681233933163,-1.0951986754966887,-0.7421944692239072,67.82752902155887,147.7799227799228,-26.444223107569723,-0.039,0.739
2.1416666666666666,-1.5115681233933163,-1.0951986754966887,-0.7421944692239072,67.91044776119402,147.7799227799228,-26.444223107569723,-0.038,0.738
2.1444444444444444,-1.5124250214224508,-1.0951986754966887,-0.7421944692239072,67.91044776119402,147.7799227799228,-26.444223107569723,-0.037,0.736
2.147222222222222,-1.5124250214224508,-1.0943708609271523,-0.7421944692239072,67.99336650082918,147.7799227799228,-26.444223107569723,-0.036,0.735
2.15,-1.5115681233933163,-1.0943708609271523,-0.7413024085637824,67.99336650082918,147.7799227799228,-26.444223107569723,-0.036,0.733
2.1527777777777777,-1.5115681233933163,-1.0943708609271523,-0.7413024085637824,67.91044776119402,147.7799227799228,-26.444223107569723,-0.035,0.731
2.1555555555555554,-1.5115681233933163,-1.0943708609271523,-0.7421944692239072,67.91044776119402,147.7799227799228,-26.444223107569723,-0.035,0.73
2.158333333333333,-1.5115681233933163,-1.0943708609271523,-0.7421944692239072,67.91044776119402,147.7799227799228,-26.444223107569723,-0.036,0.728
2.161111111111111,-1.5115681233933163,-1.0943708609271523,-0.7421944692239072,67.91044776119402,147.7799227799228,-26.444223107569723,-0.037,0.728
2.1638888888888888,-1.5115681233933163,-1.0943708609271523,-0.7421944692239072,67.82752902155887,147.7799227799228,-26.444223107569723,-0.037,0.728
2.1666666666666665,-1.5115681233933163,-1.0943708609271523,-0.7421944692239072,67.91044776119402,147.7799227799228,-26.444223107569723,-0.037,0.728
2.1694444444444443,-1.5115681233933163,-1.0943708609271523,-0.7421944692239072,67.99336650082918,147.7799227799228,-26.444223107569723,-0.036,0.729
2.172222222222222,-1.5107112253641817,-1.0943708609271523,-0.7413024085637824,67.99336650082918,147.7799227799228,-26.444223107569723,-0.036,0.731
2.175,-1.5107112253641817,-1.0951986754966887,-0.7413024085637824,67.91044776119402,147.7799227799228,-26.444223107569723,-0.038,0.732
2.1777777777777776,-1.5107112253641817,-1.0951986754966887,-0.7421944692239072,67.91044776119402,147.7799227799228,-26.444223107569723,-0.038,0.733
2.1805555555555554,-1.5107112253641817,-1.0943708609271523,-0.7421944692239072,67.91044776119402,147.7799227799228,-26.444223107569723,-0.038,0.734
2.183333333333333,-1.5107112253641817,-1.0943708609271523,-0.7413024085637824,67.99336650082918,147.7799227799228,-26.444223107569723,-0.039,0.736
2.186111111111111,-1.5107112253641817,-1.0943708609271523,-0.7413024085637824,67.99336650082918,147.7799227799228,-26.444223107569723,-0.039,0.737
2.188888888888889,-1.5107112253641817,-1.0943708609271523,-0.7413024085637824,67.99336650082918,147.7799227799228,-26.444223107569723,-0.04,0.738
2.191666666666667,-1.5107112253641817,-1.0943708609271523,-0.7413024085637824,67.99336650082918,147.7799227799228,-26.444223107569723,-0.041,0.739
2.1944444444444446,-1.5107112253641817,-1.0943708609271523,-0.7413024085637824,67.91044776119402,147.7799227799228,-26.444223107569723,-0.042,0.74
2.1972222222222224,-1.5107112253641817,-1.0943708609271523,-0.7413024085637824,67.91044776119402,147.7799227799228,-26.444223107569723,-0.044,0.74
2.2,-1.5107112253641817,-1.0951986754966887,-0.7413024085637824,67.91044776119402,147.7799227799228,-26.444223107569723,-0.044,0.739
2.202777777777778,-1.5115681233933163,-1.0951986754966887,-0.7421944692239072,67.99336650082918,147.7799227799228,-26.444223107569723,-0.045,0.739
2.2055555555555557,-1.5115681233933163,-1.0943708609271523,-0.7421944692239072,67.99336650082918,147.7799227799228,-26.444223107569723,-0.046,0.738
2.2083333333333335,-1.5115681233933163,-1.0943708609271523,-0.7421944692239072,67.91044776119402,147.7799227799228,-26.444223107569723,-0.047,0.737
2.2111111111111112,-1.5115681233933163,-1.0943708609271523,-0.7413024085637824,67.99336650082918,147.7799227799228,-26.444223107569723,-0.048,0.736
2.213888888888889,-1.5115681233933163,-1.0943708609271523,-0.7413024085637824,67.99336650082918,147.7799227799228,-26.444223107569723,-0.049,0.734
2.216666666666667,-1.5115681233933163,-1.0943708609271523,-0.7413024085637824,67.91044776119402,147.7799227799228,-26.444223107569723,-0.05,0.733
2.2194444444444446,-1.5115681233933163,-1.0943708609271523,-0.7421944692239072,67.91044776119402,147.7799227799228,-26.444223107569723,-0.051,0.732
2.2222222222222223,-1.5115681233933163,-1.0943708609271523,-0.7421944692239072,67.91044776119402,147.7799227799228,-26.444223107569723,-0.051,0.731
2.225,-1.5115681233933163,-1.0943708609271523,-0.7421944692239072,67.99336650082918,147.7799227799228,-26.444223107569723,-0.053,0.73
2.227777777777778,-1.5115681233933163,-1.0943708609271523,-0.7413024085637824,67.99336650082918,147.7799227799228,-26.444223107569723,-0.053,0.73
2.2305555555555556,-1.5115681233933163,-1.0943708609271523,-0.7413024085637824,67.99336650082918,147.7799227799228,-26.444223107569723,-0.054,0.73
2.2333333333333334,-1.5107112253641817,-1.093543046357616,-0.7413024085637824,68.07628524046434,147.7799227799228,-26.444223107569723,-0.054,0.731
2.236111111111111,-1.5107112253641817,-1.093543046357616,-0.7413024085637824,68.07628524046434,147.7799227799228,-26.444223107569723,-0.056,0.731
2.238888888888889,-1.5107112253641817,-1.0943708609271523,-0.7413024085637824,67.99336650082918,147.7799227799228,-26.444223107569723,-0.058,0.732
2.2416666666666667,-1.5107112253641817,-1.0943708609271523,-0.7413024085637824,67.91044776119402,147.7799227799228,-26.444223107569723,-0.059,0.733
2.2444444444444445,-1.5107112253641817,-1.0943708609271523,-0.7413024085637824,67.91044776119402,147.7799227799228,-26.444223107569723,-0.06,0.735
2.2472222222222222,-1.5107112253641817,-1.093543046357616,-0.7413024085637824,67.99336650082918,147.7799227799228,-26.444223107569723,-0.062,0.736
2.25,-1.5107112253641817,-1.0943708609271523,-0.7421944692239072,67.91044776119402,147.7799227799228,-26.444223107569723,-0.063,0.737
2.2527777777777778,-1.5107112253641817,-1.0943708609271523,-0.7413024085637824,67.99336650082918,147.7799227799228,-26.444223107569723,-0.064,0.738
2.2555555555555555,-1.5107112253641817,-1.0943708609271523,-0.7413024085637824,67.99336650082918,147.7799227799228,-26.444223107569723,-0.064,0.739
2.2583333333333333,-1.5107112253641817,-1.0943708609271523,-0.7413024085637824,67.99336650082918,147.7799227799228,-26.444223107569723,-0.065,0.74
2.261111111111111,-1.5107112253641817,-1.0943708609271523,-0.7413024085637824,67.99336650082918,147.7799227799228,-26.444223107569723,-0.067,0.741
2.263888888888889,-1.5107112253641817,-1.0943708609271523,-0.7413024085637824,67.99336650082918,147.7799227799228,-26.444223107569723,-0.068,0.741
2.2666666666666666,-1.5107112253641817,-1.0943708609271523,-0.7413024085637824,67.99336650082918,147.7799227799228,-26.444223107569723,-0.068,0.74
2.2694444444444444,-1.5115681233933163,-1.0943708609271523,-0.7413024085637824,67.99336650082918,147.7799227799228,-26.444223107569723,-0.069,0.74
2.272222222222222,-1.5115681233933163,-1.0943708609271523,-0.7421944692239072,67.99336650082918,147.7799227799228,-26.444223107569723,-0.071,0.739
2.275,-1.5115681233933163,-1.0943708609271523,-0.7421944692239072,67.91044776119402,147.7799227799228,-26.444223107569723,-0.072,0.738
2.2777777777777777,-1.5115681233933163,-1.0943708609271523,-0.7413024085637824,67.91044776119402,147.7799227799228,-26.444223107569723,-0.073,0.737
2.2805555555555554,-1.5115681233933163,-1.0943708609271523,-0.7413024085637824,67.91044776119402,147.7799227799228,-26.444223107569723,-0.074,0.736
2.283333333333333,-1.5115681233933163,-1.0943708609271523,-0.7413024085637824,67.91044776119402,147.7799227799228,-26.444223107569723,-0.075,0.734
2.286111111111111,-1.5115681233933163,-1.0943708609271523,-0.7413024085637824,67.91044776119402,147.7799227799228,-26.444223107569723,-0.075,0.734
2.2888888888888888,-1.5115681233933163,-1.0943708609271523,-0.7413024085637824,67.99336650082918,147.7799227799228,-26.444223107569723,-0.076,0.733
2.2916666666666665,-1.5115681233933163,-1.0943708609271523,-0.7413024085637824,67.99336650082918,147.7799227799228,-26.444223107569723,-0.076,0.733
2.2944444444444443,-1.5115681233933163,-1.0943708609271523,-0.7413024085637824,67.91044776119402,147.7799227799228,-26.444223107569723,-0.077,0.733
2.297222222222222,-1.5115681233933163,-1.093543046357616,-0.7413024085637824,67.91044776119402,147.7799227799228,-26.444223107569723,-0.078,0.733
2.3,-1.5115681233933163,-1.0943708609271523,-0.7413024085637824,67.91044776119402,147.7799227799228,-26.444223107569723,-0.079,0.732
2.3027777777777776,-1.5115681233933163,-1.0943708609271523,-0.7421944692239072,67.91044776119402,147.7799227799228,-26.444223107569723,-0.079,0.733
2.3055555555555554,-1.5115681233933163,-1.0951986754966887,-0.7421944692239072,67.91044776119402,147.7799227799228,-26.444223107569723,-0.08,0.733
2.308333333333333,-1.5107112253641817,-1.0943708609271523,-0.7413024085637824,67.91044776119402,147.7799227799228,-26.444223107569723,-0.08,0.734
2.311111111111111,-1.5107112253641817,-1.0943708609271523,-0.7413024085637824,67.99336650082918,147.7799227799228,-26.444223107569723,-0.08,0.735
2.313888888888889,-1.5107112253641817,-1.0943708609271523,-0.7413024085637824,67.99336650082918,147.7799227799228,-26.444223107569723,-0.08,0.736
2.316666666666667,-1.5107112253641817,-1.0943708609271523,-0.7413024085637824,67.91044776119402,147.7799227799228,-26.444223107569723,-0.081,0.738
2.3194444444444446,-1.5107112253641817,-1.0951986754966887,-0.7413024085637824,67.91044776119402,147.7799227799228,-26.444223107569723,-0.082,0.739
2.3222222222222224,-1.5107112253641817,-1.0951986754966887,-0.7413024085637824,67.91044776119402,147.7799227799228,-26.444223107569723,-0.082,0.74
2.325,-1.5115681233933163,-1.0951986754966887,-0.7413024085637824,67.91044776119402,147.7799227799228,-26.444223107569723,-0.081,0.74
2.327777777777778,-1.5107112253641817,-1.0943708609271523,-0.7413024085637824,67.91044776119402,147.7799227799228,-26.444223107569723,-0.081,0.74
2.3305555555555557,-1.5107112253641817,-1.0943708609271523,-0.7413024085637824,67.99336650082918,147.7799227799228,-26.444223107569723,-0.08,0.74
2.3333333333333335,-1.5107112253641817,-1.093543046357616,-0.7404103479036575,68.07628524046434,147.7799227799228,-26.444223107569723,-0.08,0.74
2.3361111111111112,-1.5107112253641817,-1.093543046357616,-0.7404103479036575,68.07628524046434,147.7799227799228,-26.444223107569723,-0.08,0.74
2.338888888888889,-1.5115681233933163,-1.0943708609271523,-0.7421944692239072,67.91044776119402,147.7799227799228,-26.444223107569723,-0.082,0.738
2.341666666666667,-1.5115681233933163,-1.0951986754966887,-0.7421944692239072,67.82752902155887,147.7799227799228,-26.444223107569723,-0.083,0.737
2.3444444444444446,-1.5115681233933163,-1.0951986754966887,-0.7413024085637824,67.91044776119402,147.7799227799228,-26.444223107569723,-0.082,0.735
2.3472222222222223,-1.5115681233933163,-1.0943708609271523,-0.7413024085637824,67.99336650082918,147.7799227799228,-26.444223107569723,-0.081,0.734
2.35,-1.5115681233933163,-1.0943708609271523,-0.7413024085637824,67.99336650082918,147.7799227799228,-26.444223107569723,-0.081,0.732
2.352777777777778,-1.5115681233933163,-1.0943708609271523,-0.7421944692239072,67.99336650082918,147.7799227799228,-26.444223107569723,-0.081,0.731
2.3555555555555556,-1.5124250214224508,-1.0943708609271523,-0.7413024085637824,67.99336650082918,147.7799227799228,-26.444223107569723,-0.08,0.73
2.3583333333333334,-1.5115681233933163,-1.0943708609271523,-0.7413024085637824,67.99336650082918,147.7799227799228,-26.444223107569723,-0.081,0.729
2.361111111111111,-1.5115681233933163,-1.0943708609271523,-0.7413024085637824,67.91044776119402,147.7799227799228,-26.444223107569723,-0.082,0.729
2.363888888888889,-1.5115681233933163,-1.0943708609271523,-0.7421944692239072,67.91044776119402,147.7799227799228,-26.444223107569723,-0.081,0.728
2.3666666666666667,-1.5115681233933163,-1.0943708609271523,-0.7413024085637824,67.99336650082918,147.7799227799228,-26.444223107569723,-0.08,0.729
2.3694444444444445,-1.5107112253641817,-1.093543046357616,-0.7404103479036575,68.07628524046434,147.7799227799228,-26.444223107569723,-0.078,0.729
2.3722222222222222,-1.5107112253641817,-1.0943708609271523,-0.7404103479036575,68.07628524046434,147.7799227799228,-26.444223107569723,-0.079,0.73
2.375,-1.5107112253641817,-1.0943708609271523,-0.7413024085637824,67.99336650082918,147.7799227799228,-26.444223107569723,-0.08,0.732
2.3777777777777778,-1.5107112253641817,-1.0943708609271523,-0.7421944692239072,67.91044776119402,147.7799227799228,-26.444223107569723,-0.08,0.733
2.3805555555555555,-1.5107112253641817,-1.0943708609271523,-0.7421944692239072,67.91044776119402,147.7799227799228,-26.444223107569723,-0.08,0.735
2.3833333333333333,-1.509854327335047,-1.0943708609271523,-0.7421944692239072,67.91044776119402,147.7799227799228,-26.444223107569723,-0.08,0.736
2.386111111111111,-1.5107112253641817,-1.0943708609271523,-0.7413024085637824,67.99336650082918,147.7799227799228,-26.444223107569723,-0.079,0.738
2.388888888888889,-1.5107112253641817,-1.0943708609271523,-0.7413024085637824,67.99336650082918,147.7799227799228,-26.444223107569723,-0.078,0.739
2.3916666666666666,-1.5107112253641817,-1.093543046357616,-0.7413024085637824,68.07628524046434,147.7799227799228,-26.444223107569723,-0.077,0.74
2.3944444444444444,-1.509854327335047,-1.093543046357616,-0.7413024085637824,68.07628524046434,147.7799227799228,-26.444223107569723,-0.078,0.741
2.397222222222222,-1.509854327335047,-1.0943708609271523,-0.7413024085637824,67.99336650082918,147.7799227799228,-26.444223107569723,-0.079,0.742
2.4,-1.5107112253641817,-1.0943708609271523,-0.7413024085637824,67.99336650082918,147.7799227799228,-26.444223107569723,-0.079,0.741
2.4027777777777777,-1.5115681233933163,-1.0943708609271523,-0.7413024085637824,67.91044776119402,147.7799227799228,-26.444223107569723,-0.079,0.74
2.4055555555555554,-1.5115681233933163,-1.0943708609271523,-0.7421944692239072,67.91044776119402,147.7799227799228,-26.444223107569723,-0.078,0.739
2.408333333333333,-1.5115681233933163,-1.0943708609271523,-0.7421944692239072,67.99336650082918,147.7799227799228,-26.444223107569723,-0.077,0.737
2.411111111111111,-1.5115681233933163,-1.093543046357616,-0.7413024085637824,68.07628524046434,147.7799227799228,-26.444223107569723,-0.075,0.737
2.4138888888888888,-1.5115681233933163,-1.093543046357616,-0.7404103479036575,68.07628524046434,147.7799227799228,-26.444223107569723,-0.075,0.736
2.4166666666666665,-1.5115681233933163,-1.093543046357616,-0.7413024085637824,67.99336650082918,147.7799227799228,-26.444223107569723,-0.076,0.735
2.4194444444444443,-1.5115681233933163,-1.0943708609271523,-0.7421944692239072,67.91044776119402,147.7799227799228,-26.444223107569723,-0.076,0.734
2.422222222222222,-1.5115681233933163,-1.0943708609271523,-0.7413024085637824,67.91044776119402,147.7799227799228,-26.444223107569723,-0.075,0.733
2.425,-1.5107112253641817,-1.093543046357616,-0.7413024085637824,67.99336650082918,147.7799227799228,-26.444223107569723,-0.074,0.732
2.4277777777777776,-1.5107112253641817,-1.093543046357616,-0.7413024085637824,68.07628524046434,147.7799227799228,-26.444223107569723,-0.073,0.733
2.4305555555555554,-1.5107112253641817,-1.0943708609271523,-0.7413024085637824,67.99336650082918,147.7799227799228,-26.444223107569723,-0.073,0.733
2.433333333333333,-1.5107112253641817,-1.0943708609271523,-0.7413024085637824,67.99336650082918,147.7799227799228,-26.444223107569723,-0.072,0.733
2.436111111111111,-1.5107112253641817,-1.0943708609271523,-0.7413024085637824,67.99336650082918,147.7799227799228,-26.444223107569723,-0.072,0.734
2.438888888888889,-1.5107112253641817,-1.0943708609271523,-0.7413024085637824,67.99336650082918,147.7799227799228,-26.444223107569723,-0.071,0.735
2.441666666666667,-1.5107112253641817,-1.0943708609271523,-0.7413024085637824,67.99336650082918,147.7799227799228,-26.444223107569723,-0.071,0.736
2.4444444444444446,-1.5107112253641817,-1.093543046357616,-0.7413024085637824,67.99336650082918,147.7799227799228,-26.444223107569723,-0.07,0.738
2.4472222222222224,-1.5107112253641817,-1.093543046357616,-0.7413024085637824,68.07628524046434,147.7799227799228,-26.444223107569723,-0.069,0.739
2.45,-1.5107112253641817,-1.0943708609271523,-0.7413024085637824,68.07628524046434,147.7799227799228,-26.444223107569723,-0.069,0.741
2.452777777777778,-1.509854327335047,-1.0943708609271523,-0.7413024085637824,68.07628524046434,147.7799227799228,-26.444223107569723,-0.068,0.743
2.4555555555555557,-1.5107112253641817,-1.0943708609271523,-0.7413024085637824,67.99336650082918,147.7799227799228,-26.444223107569723,-0.068,0.744
2.4583333333333335,-1.5107112253641817,-1.0943708609271523,-0.7413024085637824,67.99336650082918,147.7799227799228,-26.444223107569723,-0.068,0.744
2.4611111111111112,-1.5107112253641817,-1.0943708609271523,-0.7413024085637824,67.99336650082918,147.7799227799228,-26.444223107569723,-0.067,0.744
2.463888888888889,-1.5107112253641817,-1.0943708609271523,-0.7413024085637824,68.07628524046434,147.7799227799228,-26.444223107569723,-0.066,0.744
2.466666666666667,-1.5107112253641817,-1.0943708609271523,-0.7413024085637824,68.07628524046434,147.7799227799228,-26.444223107569723,-0.066,0.744
2.4694444444444446,-1.5107112253641817,-1.0943708609271523,-0.7413024085637824,67.99336650082918,147.7799227799228,-26.444223107569723,-0.066,0.744
2.4722222222222223,-1.5115681233933163,-1.0943708609271523,-0.7421944692239072,67.91044776119402,147.7799227799228,-26.444223107569723,-0.066,0.743
2.475,-1.5115681233933163,-1.0943708609271523,-0.7421944692239072,67.99336650082918,147.7799227799228,-26.444223107569723,-0.065,0.742
2.477777777777778,-1.5115681233933163,-1.0943708609271523,-0.7413024085637824,67.99336650082918,147.7799227799228,-26.444223107569723,-0.064,0.741
2.4805555555555556,-1.5115681233933163,-1.0943708609271523,-0.7413024085637824,67.99336650082918,147.7799227799228,-26.444223107569723,-0.064,0.739
2.4833333333333334,-1.5115681233933163,-1.0943708609271523,-0.7413024085637824,67.99336650082918,147.7799227799228,-26.444223107569723,-0.063,0.738
2.486111111111111,-1.5115681233933163,-1.0943708609271523,-0.7413024085637824,67.99336650082918,147.7799227799228,-26.444223107569723,-0.062,0.737
2.488888888888889,-1.5115681233933163,-1.0943708609271523,-0.7413024085637824,68.07628524046434,147.7799227799228,-26.444223107569723,-0.062,0.737
2.4916666666666667,-1.5115681233933163,-1.0943708609271523,-0.7413024085637824,67.99336650082918,147.7799227799228,-26.444223107569723,-0.061,0.736
2.4944444444444445,-1.5107112253641817,-1.0943708609271523,-0.7413024085637824,67.99336650082918,147.7799227799228,-26.444223107569723,-0.06,0.736
2.4972222222222222,-1.5107112253641817,-1.093543046357616,-0.7413024085637824,68.07628524046434,147.7799227799228,-26.444223107569723,-0.06,0.736
2.5,-1.5107112253641817,-1.093543046357616,-0.7413024085637824,68.07628524046434,147.7799227799228,-26.444223107569723,-0.059,0.737
2.5027777777777778,-1.5107112253641817,-1.093543046357616,-0.7413024085637824,68.07628524046434,147.7799227799228,-26.444223107569723,-0.059,0.737
2.5055555555555555,-1.5107112253641817,-1.0943708609271523,-0.7413024085637824,67.99336650082918,147.7799227799228,-26.444223107569723,-0.059,0.739
2.5083333333333333,-1.5107112253641817,-1.0943708609271523,-0.7413024085637824,67.99336650082918,147.7799227799228,-26.444223107569723,-0.059,0.74
2.511111111111111,-1.509854327335047,-1.0943708609271523,-0.7413024085637824,67.99336650082918,147.7799227799228,-26.444223107569723,-0.058,0.741
2.513888888888889,-1.5107112253641817,-1.0943708609271523,-0.7413024085637824,67.99336650082918,147.7799227799228,-26.444223107569723,-0.058,0.742
2.5166666666666666,-1.5107112253641817,-1.0943708609271523,-0.7413024085637824,67.99336650082918,147.7799227799228,-26.444223107569723,-0.058,0.743
2.5194444444444444,-1.5107112253641817,-1.0943708609271523,-0.7413024085637824,67.99336650082918,147.7799227799228,-26.444223107569723,-0.057,0.744
2.522222222222222,-1.5107112253641817,-1.0943708609271523,-0.7413024085637824,68.07628524046434,147.7799227799228,-26.444223107569723,-0.056,0.745
2.525,-1.5107112253641817,-1.0943708609271523,-0.7404103479036575,68.07628524046434,147.7799227799228,-26.444223107569723,-0.056,0.745
2.5277777777777777,-1.5107112253641817,-1.0943708609271523,-0.7413024085637824,67.99336650082918,147.7799227799228,-26.444223107569723,-0.057,0.745
2.5305555555555554,-1.5107112253641817,-1.0943708609271523,-0.7413024085637824,67.91044776119402,147.7799227799228,-26.444223107569723,-0.058,0.745
2.533333333333333,-1.5115681233933163,-1.0943708609271523,-0.7413024085637824,67.91044776119402,147.7799227799228,-26.444223107569723,-0.057,0.744
2.536111111111111,-1.5115681233933163,-1.0943708609271523,-0.7421944692239072,67.99336650082918,147.7799227799228,-26.444223107569723,-0.056,0.744
2.5388888888888888,-1.5115681233933163,-1.0943708609271523,-0.7421944692239072,67.99336650082918,147.7799227799228,-26.444223107569723,-0.056,0.743
2.5416666666666665,-1.5115681233933163,-1.0943708609271523,-0.7413024085637824,67.99336650082918,147.7799227799228,-26.444223107569723,-0.055,0.742
2.5444444444444443,-1.5115681233933163,-1.0943708609271523,-0.7413024085637824,68.07628524046434,147.7799227799228,-26.444223107569723,-0.055,0.74
2.547222222222222,-1.5115681233933163,-1.0943708609271523,-0.7413024085637824,67.99336650082918,147.7799227799228,-26.444223107569723,-0.056,0.738
2.55,-1.5115681233933163,-1.0951986754966887,-0.7413024085637824,67.91044776119402,147.7799227799228,-26.444223107569723,-0.057,0.737
2.5527777777777776,-1.5115681233933163,-1.0951986754966887,-0.7421944692239072,67.91044776119402,147.7799227799228,-26.444223107569723,-0.057,0.736
2.5555555555555554,-1.5124250214224508,-1.0943708609271523,-0.7421944692239072,67.91044776119402,147.7799227799228,-26.444223107569723,-0.056,0.735
2.558333333333333,-1.5115681233933163,-1.0943708609271523,-0.7421944692239072,67.91044776119402,147.7799227799228,-26.444223107569723,-0.056,0.735
2.561111111111111,-1.5115681233933163,-1.0943708609271523,-0.7413024085637824,67.99336650082918,147.7799227799228,-26.444223107569723,-0.056,0.735
2.563888888888889,-1.5115681233933163,-1.0943708609271523,-0.7421944692239072,67.99336650082918,147.7799227799228,-26.444223107569723,-0.056,0.735
2.566666666666667,-1.5115681233933163,-1.0943708609271523,-0.7421944692239072,67.91044776119402,147.7799227799228,-26.444223107569723,-0.056,0.735
2.5694444444444446,-1.5107112253641817,-1.0943708609271523,-0.7421944692239072,67.91044776119402,147.7799227799228,-26.444223107569723,-0.057,0.735
2.5722222222222224,-1.5107112253641817,-1.0951986754966887,-0.7413024085637824,67.99336650082918,147.7799227799228,-26.444223107569723,-0.056,0.736
2.575,-1.5107112253641817,-1.0943708609271523,-0.7413024085637824,67.99336650082918,147.7799227799228,-26.444223107569723,-0.056,0.738
2.577777777777778,-1.5107112253641817,-1.0943708609271523,-0.7413024085637824,67.99336650082918,147.7799227799228,-26.444223107569723,-0.056,0.739
2.5805555555555557,-1.5107112253641817,-1.0943708609271523,-0.7421944692239072,67.99336650082918,147.7799227799228,-26.444223107569723,-0.057,0.74
2.5833333333333335,-1.5107112253641817,-1.0943708609271523,-0.7413024085637824,67.99336650082918,147.7799227799228,-26.444223107569723,-0.057,0.741
2.5861111111111112,-1.5107112253641817,-1.0943708609271523,-0.7413024085637824,67.91044776119402,147.7799227799228,-26.444223107569723,-0.057,0.742
2.588888888888889,-1.5115681233933163,-1.0943708609271523,-0.7421944692239072,67.91044776119402,147.7799227799228,-26.444223107569723,-0.058,0.742
2.591666666666667,-1.5115681233933163,-1.0951986754966887,-0.7421944692239072,67.91044776119402,147.7799227799228,-26.444223107569723,-0.058,0.743
2.5944444444444446,-1.5107112253641817,-1.0951986754966887,-0.7421944692239072,67.91044776119402,147.7799227799228,-26.444223107569723,-0.058,0.742
2.5972222222222223,-1.5115681233933163,-1.0951986754966887,-0.7413024085637824,67.91044776119402,147.7799227799228,-26.444223107569723,-0.058,0.742
2.6,-1.5115681233933163,-1.0951986754966887,-0.7421944692239072,67.91044776119402,147.7799227799228,-26.444223107569723,-0.059,0.742
2.602777777777778,-1.5115681233933163,-1.0951986754966887,-0.7421944692239072,67.91044776119402,147.7799227799228,-26.444223107569723,-0.059,0.741
2.6055555555555556,-1.5115681233933163,-1.0951986754966887,-0.7421944692239072,67.91044776119402,147.7799227799228,-26.444223107569723,-0.058,0.74
2.6083333333333334,-1.5124250214224508,-1.0943708609271523,-0.7413024085637824,67.99336650082918,147.7799227799228,-26.444223107569723,-0.058,0.739
2.611111111111111,-1.5124250214224508,-1.0943708609271523,-0.7413024085637824,67.91044776119402,147.7799227799228,-26.444223107569723,-0.058,0.737
2.613888888888889,-1.5124250214224508,-1.0943708609271523,-0.7421944692239072,67.91044776119402,147.7799227799228,-26.444223107569723,-0.059,0.736
2.6166666666666667,-1.5124250214224508,-1.0943708609271523,-0.7421944692239072,67.91044776119402,147.7799227799228,-26.444223107569723,-0.059,0.735
2.6194444444444445,-1.5124250214224508,-1.0943708609271523,-0.7421944692239072,67.91044776119402,147.7799227799228,-26.444223107569723,-0.058,0.734
2.6222222222222222,-1.5115681233933163,-1.0943708609271523,-0.7421944692239072,67.91044776119402,147.7799227799228,-26.444223107569723,-0.058,0.733
2.625,-1.5115681233933163,-1.0943708609271523,-0.7421944692239072,67.91044776119402,147.7799227799228,-26.444223107569723,-0.059,0.732
2.6277777777777778,-1.5115681233933163,-1.0943708609271523,-0.7421944692239072,67.91044776119402,147.7799227799228,-26.444223107569723,-0.059,0.732
2.6305555555555555,-1.5115681233933163,-1.0943708609271523,-0.7421944692239072,67.91044776119402,147.7799227799228,-26.444223107569723,-0.058,0.732
2.6333333333333333,-1.5115681233933163,-1.0943708609271523,-0.7421944692239072,67.99336650082918,147.7799227799228,-26.444223107569723,-0.058,0.732
2.636111111111111,-1.5115681233933163,-1.0951986754966887,-0.7421944692239072,67.91044776119402,147.7799227799228,-26.444223107569723,-0.059,0.733
2.638888888888889,-1.5107112253641817,-1.0951986754966887,-0.7421944692239072,67.82752902155887,147.7799227799228,-26.444223107569723,-0.06,0.734
2.6416666666666666,-1.5107112253641817,-1.0951986754966887,-0.7421944692239072,67.91044776119402,147.7799227799228,-26.444223107569723,-0.06,0.736
2.6444444444444444,-1.5107112253641817,-1.0943708609271523,-0.7421944692239072,67.99336650082918,147.7799227799228,-26.444223107569723,-0.059,0.737
2.647222222222222,-1.5107112253641817,-1.0943708609271523,-0.7413024085637824,67.99336650082918,147.7799227799228,-26.444223107569723,-0.059,0.738
2.65,-1.5107112253641817,-1.0951986754966887,-0.7421944692239072,67.91044776119402,147.7799227799228,-26.444223107569723,-0.06,0.739
2.6527777777777777,-1.5107112253641817,-1.0943708609271523,-0.7421944692239072,67.91044776119402,147.7799227799228,-26.444223107569723,-0.059,0.74
2.6555555555555554,-1.5107112253641817,-1.0943708609271523,-0.7413024085637824,67.99336650082918,147.7799227799228,-26.444223107569723,-0.059,0.741
2.658333333333333,-1.5107112253641817,-1.0943708609271523,-0.7413024085637824,67.99336650082918,147.7799227799228,-26.444223107569723,-0.06,0.742
2.661111111111111,-1.5107112253641817,-1.0943708609271523,-0.7413024085637824,67.91044776119402,147.7799227799228,-26.444223107569723,-0.06,0.741
2.6638888888888888,-1.5107112253641817,-1.0943708609271523,-0.7413024085637824,67.91044776119402,147.7799227799228,-26.444223107569723,-0.06,0.741
2.6666666666666665,-1.5115681233933163,-1.0943708609271523,-0.7421944692239072,67.91044776119402,147.7799227799228,-26.444223107569723,-0.06,0.74
2.6694444444444443,-1.5115681233933163,-1.0951986754966887,-0.7421944692239072,67.91044776119402,147.7799227799228,-26.444223107569723,-0.06,0.74
2.672222222222222,-1.5115681233933163,-1.0943708609271523,-0.7421944692239072,67.91044776119402,147.7799227799228,-26.444223107569723,-0.061,0.738
2.675,-1.5115681233933163,-1.0943708609271523,-0.7421944692239072,67.91044776119402,147.7799227799228,-26.444223107569723,-0.061,0.737
2.6777777777777776,-1.5115681233933163,-1.0943708609271523,-0.7421944692239072,67.91044776119402,147.7799227799228,-26.444223107569723,-0.061,0.736
2.6805555555555554,-1.5124250214224508,-1.0951986754966887,-0.7421944692239072,67.91044776119402,147.7799227799228,-26.444223107569723,-0.061,0.734
2.683333333333333,-1.5124250214224508,-1.0951986754966887,-0.7421944692239072,67.91044776119402,147.7799227799228,-26.444223107569723,-0.061,0.733
2.686111111111111,-1.5115681233933163,-1.0951986754966887,-0.7421944692239072,67.99336650082918,147.7799227799228,-26.444223107569723,-0.06,0.732
2.688888888888889,-1.5115681233933163,-1.0943708609271523,-0.7421944692239072,67.99336650082918,147.7799227799228,-26.444223107569723,-0.06,0.731
2.691666666666667,-1.5115681233933163,-1.0943708609271523,-0.7421944692239072,67.99336650082918,147.7799227799228,-26.444223107569723,-0.059,0.73
2.6944444444444446,-1.5115681233933163,-1.0943708609271523,-0.7413024085637824,67.91044776119402,147.7799227799228,-26.444223107569723,-0.059,0.73
2.6972222222222224,-1.5115681233933163,-1.0943708609271523,-0.7413024085637824,67.91044776119402,147.7799227799228,-26.444223107569723,-0.06,0.73
2.7,-1.5115681233933163,-1.0951986754966887,-0.7421944692239072,67.82752902155887,147.7799227799228,-26.444223107569723,-0.061,0.73
2.702777777777778,-1.5115681233933163,-1.0951986754966887,-0.7421944692239072,67.82752902155887,147.7799227799228,-26.444223107569723,-0.061,0.731
2.7055555555555557,-1.5115681233933163,-1.0943708609271523,-0.7421944692239072,67.91044776119402,147.7799227799228,-26.444223107569723,-0.059,0.732
2.7083333333333335,-1.5107112253641817,-1.0943708609271523,-0.7413024085637824,67.99336650082918,147.7799227799228,-26.444223107569723,-0.059,0.733
2.7111111111111112,-1.5107112253641817,-1.0943708609271523,-0.7421944692239072,67.99336650082918,147.7799227799228,-26.444223107569723,-0.059,0.735
2.713888888888889,-1.5107112253641817,-1.0943708609271523,-0.7421944692239072,67.99336650082918,147.7799227799228,-26.444223107569723,-0.059,0.736
2.716666666666667,-1.5107112253641817,-1.0943708609271523,-0.7413024085637824,67.99336650082918,147.7799227799228,-26.444223107569723,-0.058,0.738
2.7194444444444446,-1.5107112253641817,-1.0943708609271523,-0.7413024085637824,67.91044776119402,147.7799227799228,-26.444223107569723,-0.058,0.739
2.7222222222222223,-1.5107112253641817,-1.0951986754966887,-0.7413024085637824,67.91044776119402,147.7799227799228,-26.444223107569723,-0.058,0.74
2.725,-1.5107112253641817,-1.0951986754966887,-0.7413024085637824,67.91044776119402,147.7799227799228,-26.444223107569723,-0.058,0.741
2.727777777777778,-1.5107112253641817,-1.0943708609271523,-0.7413024085637824,67.99336650082918,147.7799227799228,-26.444223107569723,-0.057,0.741
2.7305555555555556,-1.5107112253641817,-1.0943708609271523,-0.7413024085637824,67.99336650082918,147.7799227799228,-26.444223107569723,-0.056,0.742
2.7333333333333334,-1.5115681233933163,-1.0951986754966887,-0.7421944692239072,67.91044776119402,147.7799227799228,-26.444223107569723,-0.057,0.741
2.736111111111111,-1.5115681233933163,-1.0943708609271523,-0.7421944692239072,67.91044776119402,147.7799227799228,-26.444223107569723,-0.057,0.74
2.738888888888889,-1.5115681233933163,-1.0943708609271523,-0.7421944692239072,67.91044776119402,147.7799227799228,-26.444223107569723,-0.057,0.739
2.7416666666666667,-1.5115681233933163,-1.0943708609271523,-0.7421944692239072,67.91044776119402,147.7799227799228,-26.444223107569723,-0.056,0.738
2.7444444444444445,-1.5124250214224508,-1.0951986754966887,-0.7413024085637824,67.91044776119402,147.7799227799228,-26.444223107569723,-0.056,0.737
2.7472222222222222,-1.5115681233933163,-1.0943708609271523,-0.7413024085637824,67.91044776119402,147.7799227799228,-26.444223107569723,-0.055,0.735
2.75,-1.5115681233933163,-1.0943708609271523,-0.7413024085637824,67.99336650082918,147.7799227799228,-26.444223107569723,-0.054,0.734
2.7527777777777778,-1.5115681233933163,-1.0943708609271523,-0.7421944692239072,67.91044776119402,147.7799227799228,-26.444223107569723,-0.055,0.734
2.7555555555555555,-1.5115681233933163,-1.0951986754966887,-0.7421944692239072,67.91044776119402,147.7799227799228,-26.444223107569723,-0.055,0.733
2.7583333333333333,-1.5115681233933163,-1.0943708609271523,-0.7421944692239072,67.91044776119402,147.7799227799228,-26.444223107569723,-0.053,0.733
2.761111111111111,-1.5115681233933163,-1.0943708609271523,-0.7413024085637824,67.99336650082918,147.7799227799228,-26.444223107569723,-0.053,0.733
2.763888888888889,-1.5107112253641817,-1.0943708609271523,-0.7413024085637824,67.99336650082918,147.7799227799228,-26.444223107569723,-0.053,0.733
2.7666666666666666,-1.5107112253641817,-1.0943708609271523,-0.7421944692239072,67.99336650082918,147.7799227799228,-26.444223107569723,-0.054,0.734
2.7694444444444444,-1.5115681233933163,-1.0943708609271523,-0.7421944692239072,67.91044776119402,147.7799227799228,-26.444223107569723,-0.054,0.735
2.772222222222222,-1.5107112253641817,-1.0943708609271523,-0.7413024085637824,67.91044776119402,147.7799227799228,-26.444223107569723,-0.053,0.736
2.775,-1.5107112253641817,-1.0943708609271523,-0.7413024085637824,67.91044776119402,147.7799227799228,-26.444223107569723,-0.053,0.738
